category,noun
"Abstract Concepts, Places, People & Activities",Crowdstrike
"Abstract Concepts, Places, People & Activities",action figure
"Abstract Concepts, Places, People & Activities",alphabet
"Abstract Concepts, Places, People & Activities",antenna
"Abstract Concepts, Places, People & Activities",appearance
"Abstract Concepts, Places, People & Activities",arkansas
"Abstract Concepts, Places, People & Activities",astronomy
"Abstract Concepts, Places, People & Activities",atmosphere
"Abstract Concepts, Places, People & Activities",bad-weather
"Abstract Concepts, Places, People & Activities",badminton
"Abstract Concepts, Places, People & Activities",balloon
"Abstract Concepts, Places, People & Activities",basketball
"Abstract Concepts, Places, People & Activities",battle rope waves
"Abstract Concepts, Places, People & Activities",bed
"Abstract Concepts, Places, People & Activities",bedroom
"Abstract Concepts, Places, People & Activities",beehive
"Abstract Concepts, Places, People & Activities",blanket
"Abstract Concepts, Places, People & Activities",block
"Abstract Concepts, Places, People & Activities",book
"Abstract Concepts, Places, People & Activities",boston
"Abstract Concepts, Places, People & Activities",broadcast
"Abstract Concepts, Places, People & Activities",calendar
"Abstract Concepts, Places, People & Activities",charmander
"Abstract Concepts, Places, People & Activities",chess
"Abstract Concepts, Places, People & Activities",christ the redeemer
"Abstract Concepts, Places, People & Activities",clean
"Abstract Concepts, Places, People & Activities",clock
"Abstract Concepts, Places, People & Activities",cognizant
"Abstract Concepts, Places, People & Activities",computer
"Abstract Concepts, Places, People & Activities",couch
"Abstract Concepts, Places, People & Activities",credits
"Abstract Concepts, Places, People & Activities",curb
"Abstract Concepts, Places, People & Activities",darwin
"Abstract Concepts, Places, People & Activities",difference
"Abstract Concepts, Places, People & Activities",disaster
"Abstract Concepts, Places, People & Activities",documentary
"Abstract Concepts, Places, People & Activities",earth
"Abstract Concepts, Places, People & Activities",fearow
"Abstract Concepts, Places, People & Activities",freedom
"Abstract Concepts, Places, People & Activities",game
"Abstract Concepts, Places, People & Activities",garbage
"Abstract Concepts, Places, People & Activities",genealogy
"Abstract Concepts, Places, People & Activities",genre
"Abstract Concepts, Places, People & Activities",globe
"Abstract Concepts, Places, People & Activities",golf
"Abstract Concepts, Places, People & Activities",good morning
"Abstract Concepts, Places, People & Activities",guest star
"Abstract Concepts, Places, People & Activities",gymnastics
"Abstract Concepts, Places, People & Activities",hat
"Abstract Concepts, Places, People & Activities",headphones
"Abstract Concepts, Places, People & Activities",height
"Abstract Concepts, Places, People & Activities",hip circles
"Abstract Concepts, Places, People & Activities",hook
"Abstract Concepts, Places, People & Activities",hurricane
"Abstract Concepts, Places, People & Activities",idea
"Abstract Concepts, Places, People & Activities",importance
"Abstract Concepts, Places, People & Activities",kite
"Abstract Concepts, Places, People & Activities",labradorite
"Abstract Concepts, Places, People & Activities",lacrosse
"Abstract Concepts, Places, People & Activities",lam research
"Abstract Concepts, Places, People & Activities",letter
"Abstract Concepts, Places, People & Activities",literature
"Abstract Concepts, Places, People & Activities",magic
"Abstract Concepts, Places, People & Activities",mask
"Abstract Concepts, Places, People & Activities",mechanic
"Abstract Concepts, Places, People & Activities",meditation
"Abstract Concepts, Places, People & Activities",microphone
"Abstract Concepts, Places, People & Activities",mirror
"Abstract Concepts, Places, People & Activities",mizzle
"Abstract Concepts, Places, People & Activities",money
"Abstract Concepts, Places, People & Activities",monster821
"Abstract Concepts, Places, People & Activities",nest
"Abstract Concepts, Places, People & Activities",oasis
"Abstract Concepts, Places, People & Activities",office
"Abstract Concepts, Places, People & Activities",omanyte
"Abstract Concepts, Places, People & Activities",oracle
"Abstract Concepts, Places, People & Activities",oregon
"Abstract Concepts, Places, People & Activities",paper
"Abstract Concepts, Places, People & Activities",planet
"Abstract Concepts, Places, People & Activities",playground
"Abstract Concepts, Places, People & Activities",plot twist
"Abstract Concepts, Places, People & Activities",podcasting
"Abstract Concepts, Places, People & Activities",poet
"Abstract Concepts, Places, People & Activities",prediction
"Abstract Concepts, Places, People & Activities",problem
"Abstract Concepts, Places, People & Activities",procedure
"Abstract Concepts, Places, People & Activities",puerto rico
"Abstract Concepts, Places, People & Activities",puzzles
"Abstract Concepts, Places, People & Activities",quail
"Abstract Concepts, Places, People & Activities",rainbow
"Abstract Concepts, Places, People & Activities",reality show
"Abstract Concepts, Places, People & Activities",reporter
"Abstract Concepts, Places, People & Activities",rerun
"Abstract Concepts, Places, People & Activities",revenue
"Abstract Concepts, Places, People & Activities",revolution
"Abstract Concepts, Places, People & Activities",ring
"Abstract Concepts, Places, People & Activities",safe
"Abstract Concepts, Places, People & Activities",script
"Abstract Concepts, Places, People & Activities",season
"Abstract Concepts, Places, People & Activities",sector
"Abstract Concepts, Places, People & Activities",servicenow
"Abstract Concepts, Places, People & Activities",silence
"Abstract Concepts, Places, People & Activities",singing
"Abstract Concepts, Places, People & Activities",sitcom
"Abstract Concepts, Places, People & Activities",soap opera
"Abstract Concepts, Places, People & Activities",soccer ball
"Abstract Concepts, Places, People & Activities",society
"Abstract Concepts, Places, People & Activities",song
"Abstract Concepts, Places, People & Activities",superman holds
"Abstract Concepts, Places, People & Activities",tale
"Abstract Concepts, Places, People & Activities",technology
"Abstract Concepts, Places, People & Activities",temperature
"Abstract Concepts, Places, People & Activities",thoracic rotations
"Abstract Concepts, Places, People & Activities",time machine
"Abstract Concepts, Places, People & Activities",treasure chest
"Abstract Concepts, Places, People & Activities",truth
"Abstract Concepts, Places, People & Activities",tuono
"Abstract Concepts, Places, People & Activities",universe
"Abstract Concepts, Places, People & Activities",utah
"Abstract Concepts, Places, People & Activities",village
"Abstract Concepts, Places, People & Activities",villain
"Abstract Concepts, Places, People & Activities",violin
"Abstract Concepts, Places, People & Activities",virga
"Abstract Concepts, Places, People & Activities",volleyball
"Abstract Concepts, Places, People & Activities",way
"Abstract Concepts, Places, People & Activities",wealth
"Abstract Concepts, Places, People & Activities",weather
"Abstract Concepts, Places, People & Activities",whiteboard
"Abstract Concepts, Places, People & Activities",workday
Aircraft,fight jet
Aircraft,freighter
Aircraft,fuselage
Aircraft,gsxr1000
Aircraft,gsxr600
Aircraft,gsxr750
Aircraft,helicopter
Aircraft,hot air balloon
Aircraft,hot-air balloon
Aircraft,kawhi leonard
Aircraft,kayak
Aircraft,plane
Aircraft,propeller
Aircraft,streetfighter
Aircraft,submarine
Aircraft,tailplane
Aircraft,toy car
Aircraft,train
Aircraft,vstrom1050
Aircraft,vstrom650
"Birds, Fish, Insects & Other Animals",bee
"Birds, Fish, Insects & Other Animals",bird
"Birds, Fish, Insects & Other Animals",butterfly
"Birds, Fish, Insects & Other Animals",cactus
"Birds, Fish, Insects & Other Animals",chameleon
"Birds, Fish, Insects & Other Animals",cricket
"Birds, Fish, Insects & Other Animals",dolphin
"Birds, Fish, Insects & Other Animals",fish
"Birds, Fish, Insects & Other Animals",fishnet
"Birds, Fish, Insects & Other Animals",flamingo
"Birds, Fish, Insects & Other Animals",frilled-neck lizard
"Birds, Fish, Insects & Other Animals",gargoyle gecko
"Birds, Fish, Insects & Other Animals",gila monster
"Birds, Fish, Insects & Other Animals",glass lizard
"Birds, Fish, Insects & Other Animals",goose
"Birds, Fish, Insects & Other Animals",horned lizard
"Birds, Fish, Insects & Other Animals",ice
"Birds, Fish, Insects & Other Animals",iguana
"Birds, Fish, Insects & Other Animals",insect
"Birds, Fish, Insects & Other Animals",larry bird
"Birds, Fish, Insects & Other Animals",lizard
"Birds, Fish, Insects & Other Animals",mexican beaded lizard
"Birds, Fish, Insects & Other Animals",narwhal
"Birds, Fish, Insects & Other Animals",nile monitor
"Birds, Fish, Insects & Other Animals",octopus
"Birds, Fish, Insects & Other Animals",opal
"Birds, Fish, Insects & Other Animals",puffin
"Birds, Fish, Insects & Other Animals",quartz
"Birds, Fish, Insects & Other Animals",sahara desert
"Birds, Fish, Insects & Other Animals",salamander
"Birds, Fish, Insects & Other Animals",sand lizard
"Birds, Fish, Insects & Other Animals",satanic leaf-tailed gecko
"Birds, Fish, Insects & Other Animals",sea turtle
"Birds, Fish, Insects & Other Animals",shark
"Birds, Fish, Insects & Other Animals",sphinx
"Birds, Fish, Insects & Other Animals",swan
"Birds, Fish, Insects & Other Animals",turtle
"Birds, Fish, Insects & Other Animals",vulture
"Birds, Fish, Insects & Other Animals",whale
Buildings & Large Structures,adobe
Buildings & Large Structures,anvil
Buildings & Large Structures,beryl
Buildings & Large Structures,box
Buildings & Large Structures,building
Buildings & Large Structures,burj khalifa
Buildings & Large Structures,carpenter
Buildings & Large Structures,ceiling
Buildings & Large Structures,chair
Buildings & Large Structures,colosseum
Buildings & Large Structures,dam
Buildings & Large Structures,desk
Buildings & Large Structures,door
Buildings & Large Structures,eiffel tower
Buildings & Large Structures,fencing
Buildings & Large Structures,floor
Buildings & Large Structures,frame
Buildings & Large Structures,glass vase
Buildings & Large Structures,kabuto
Buildings & Large Structures,machu picchu
Buildings & Large Structures,marble
Buildings & Large Structures,pyramids
Buildings & Large Structures,pyramids of giza
Buildings & Large Structures,quartzite
Buildings & Large Structures,ridge
Buildings & Large Structures,rock
Buildings & Large Structures,sandstone
Buildings & Large Structures,schist
Buildings & Large Structures,skyscraper
Buildings & Large Structures,slate
Buildings & Large Structures,soapstone
Buildings & Large Structures,statue of liberty
Buildings & Large Structures,table
Buildings & Large Structures,taj mahal
Buildings & Large Structures,tap
Buildings & Large Structures,wall
Buildings & Large Structures,wardrobe
"Cars, Trucks, Boats & Other Motorized Vehicles",bicycle
"Cars, Trucks, Boats & Other Motorized Vehicles",bulldozer
"Cars, Trucks, Boats & Other Motorized Vehicles",car
"Cars, Trucks, Boats & Other Motorized Vehicles",car tire
"Cars, Trucks, Boats & Other Motorized Vehicles",cbr1000rr
"Cars, Trucks, Boats & Other Motorized Vehicles",de-icing truck
"Cars, Trucks, Boats & Other Motorized Vehicles",electric car
"Cars, Trucks, Boats & Other Motorized Vehicles",gas can
"Cars, Trucks, Boats & Other Motorized Vehicles",hybrid car
"Cars, Trucks, Boats & Other Motorized Vehicles",limousine
"Cars, Trucks, Boats & Other Motorized Vehicles",minivan
"Cars, Trucks, Boats & Other Motorized Vehicles",mobile phone
"Cars, Trucks, Boats & Other Motorized Vehicles",multistrada
"Cars, Trucks, Boats & Other Motorized Vehicles",multistrada
"Cars, Trucks, Boats & Other Motorized Vehicles",rv
"Cars, Trucks, Boats & Other Motorized Vehicles",sailboat
"Cars, Trucks, Boats & Other Motorized Vehicles",speedboat
"Cars, Trucks, Boats & Other Motorized Vehicles",tire
"Cars, Trucks, Boats & Other Motorized Vehicles",truck
Domesticated Mammals,alaskan malamute
Domesticated Mammals,apartment
Domesticated Mammals,australian shepherd
Domesticated Mammals,beaver
Domesticated Mammals,bernese mountain dog
Domesticated Mammals,boot
Domesticated Mammals,bowl
Domesticated Mammals,bulldog
Domesticated Mammals,chihuahua
Domesticated Mammals,chow chow
Domesticated Mammals,collie
Domesticated Mammals,cow
Domesticated Mammals,doberman pinscher
Domesticated Mammals,donkey
Domesticated Mammals,english springer spaniel
Domesticated Mammals,gerbil
Domesticated Mammals,goat
Domesticated Mammals,guinea pig
Domesticated Mammals,hamster
Domesticated Mammals,llama
Domesticated Mammals,miniature schnauzer
Domesticated Mammals,mule
Domesticated Mammals,pomeranian
Domesticated Mammals,rat
Domesticated Mammals,refrigerator
Domesticated Mammals,rottweiler
Domesticated Mammals,sheep
Domesticated Mammals,shiba inu
Domesticated Mammals,siberian husky
Domesticated Mammals,sofa
Domesticated Mammals,teddy bear
Domesticated Mammals,tractor
Domesticated Mammals,wombat
Domesticated Mammals,yak
Fruits,acai
Fruits,amazon
Fruits,apple
Fruits,avocado
Fruits,baguette
Fruits,banana
Fruits,blueberry
Fruits,boba tea
Fruits,chai
Fruits,cheese
Fruits,chicken
Fruits,chocolate cake
Fruits,cider apple
Fruits,coin
Fruits,corn
Fruits,cranberry
Fruits,currant
Fruits,dragonfruit
Fruits,fig
Fruits,gooseberry
Fruits,grain
Fruits,grapes
Fruits,guava
Fruits,jackfruit
Fruits,kiwi
Fruits,lemon
Fruits,lime
Fruits,lychee
Fruits,matcha
Fruits,mulberry
Fruits,mulberry
Fruits,nectarine
Fruits,olive
Fruits,papaya
Fruits,passionfruit
Fruits,plum
Fruits,pomegranate
Fruits,potato
Fruits,radish
Fruits,raspberry
Fruits,rice
Fruits,salad
Fruits,salmon
Fruits,samosa
Fruits,sandwich
Fruits,soursop
Fruits,strawberry
Fruits,sugarcane
Fruits,tamarind
Fruits,tomato
Fruits,ugli fruit
Fruits,watermelon
Fruits,wheat
Geological Features & Minerals,andesite
Geological Features & Minerals,anorthosite
Geological Features & Minerals,anthracite
Geological Features & Minerals,bauxite
Geological Features & Minerals,boulder
Geological Features & Minerals,butte
Geological Features & Minerals,calcite
Geological Features & Minerals,chalcedony
Geological Features & Minerals,chert
Geological Features & Minerals,conglomerate
Geological Features & Minerals,crystal
Geological Features & Minerals,delta
Geological Features & Minerals,diorite
Geological Features & Minerals,dolomite
Geological Features & Minerals,fluorite
Geological Features & Minerals,fossil
Geological Features & Minerals,garnet
Geological Features & Minerals,geyser
Geological Features & Minerals,gneiss
Geological Features & Minerals,grand canyon
Geological Features & Minerals,granite
Geological Features & Minerals,greywacke
Geological Features & Minerals,gypsum
Geological Features & Minerals,idaho
Geological Features & Minerals,indiana
Geological Features & Minerals,komatiite
Geological Features & Minerals,kyanite
Geological Features & Minerals,lapis lazuli
Geological Features & Minerals,laterite
Geological Features & Minerals,limestone
Geological Features & Minerals,magnetite
Geological Features & Minerals,malachite
Geological Features & Minerals,moldavite
Geological Features & Minerals,moonstone
Geological Features & Minerals,mudstone
Geological Features & Minerals,obsidian
Geological Features & Minerals,oil
Geological Features & Minerals,onyx
Geological Features & Minerals,ozone
Geological Features & Minerals,plateau
Geological Features & Minerals,pumice
Geological Features & Minerals,pyrite
Geological Features & Minerals,reservoir
Geological Features & Minerals,rhyolite
Geological Features & Minerals,salt flat
Geological Features & Minerals,scoria
Geological Features & Minerals,serpentine
Geological Features & Minerals,siltstone
Geological Features & Minerals,smoky quartz
Geological Features & Minerals,steppe
Geological Features & Minerals,summit
Geological Features & Minerals,syenite
Geological Features & Minerals,taiga
Geological Features & Minerals,tectonite
Geological Features & Minerals,tennessee
Geological Features & Minerals,texas
Geological Features & Minerals,topaz
Geological Features & Minerals,travertine
Geological Features & Minerals,tuff
Geological Features & Minerals,volcano
Handheld Objects & Tools,applied materials
Handheld Objects & Tools,autodesk
Handheld Objects & Tools,backpack
Handheld Objects & Tools,bag
Handheld Objects & Tools,basket
Handheld Objects & Tools,bathtub
Handheld Objects & Tools,bench press
Handheld Objects & Tools,board
Handheld Objects & Tools,bookshelf
Handheld Objects & Tools,bottlecap
Handheld Objects & Tools,bucket
Handheld Objects & Tools,button
Handheld Objects & Tools,cable tricep pushdowns
Handheld Objects & Tools,calculator
Handheld Objects & Tools,carabiner
Handheld Objects & Tools,ceiling fan
Handheld Objects & Tools,chain
Handheld Objects & Tools,chest press
Handheld Objects & Tools,coin purse
Handheld Objects & Tools,compass
Handheld Objects & Tools,cord
Handheld Objects & Tools,crunch
Handheld Objects & Tools,deep freezer
Handheld Objects & Tools,desk lamp
Handheld Objects & Tools,dip station exercises
Handheld Objects & Tools,doorknob
Handheld Objects & Tools,dumbbell thruster
Handheld Objects & Tools,dumbbell tricep kickbacks
Handheld Objects & Tools,fan
Handheld Objects & Tools,faucet
Handheld Objects & Tools,first aid kit
Handheld Objects & Tools,flashlight
Handheld Objects & Tools,foot
Handheld Objects & Tools,fork
Handheld Objects & Tools,fridge
Handheld Objects & Tools,generator
Handheld Objects & Tools,glove
Handheld Objects & Tools,gloves
Handheld Objects & Tools,hammer
Handheld Objects & Tools,hand saw
Handheld Objects & Tools,helmet
Handheld Objects & Tools,ice axe
Handheld Objects & Tools,ink
Handheld Objects & Tools,key
Handheld Objects & Tools,keyboard
Handheld Objects & Tools,knife
Handheld Objects & Tools,knitting
Handheld Objects & Tools,knob
Handheld Objects & Tools,ladder
Handheld Objects & Tools,lamp
Handheld Objects & Tools,lantern
Handheld Objects & Tools,laptop
Handheld Objects & Tools,laptop charger
Handheld Objects & Tools,lat pulldown
Handheld Objects & Tools,lat pulldown machine
Handheld Objects & Tools,leg curl
Handheld Objects & Tools,leg curl machine
Handheld Objects & Tools,leg extension machine
Handheld Objects & Tools,leg press
Handheld Objects & Tools,lens
Handheld Objects & Tools,light bulb
Handheld Objects & Tools,lock
Handheld Objects & Tools,magnet
Handheld Objects & Tools,medicine ball russian twists
Handheld Objects & Tools,medicine ball slams
Handheld Objects & Tools,microscope
Handheld Objects & Tools,mixer
Handheld Objects & Tools,mop
Handheld Objects & Tools,mousepad
Handheld Objects & Tools,mug
Handheld Objects & Tools,needle
Handheld Objects & Tools,notebook
Handheld Objects & Tools,origami
Handheld Objects & Tools,oven
Handheld Objects & Tools,pan
Handheld Objects & Tools,pants
Handheld Objects & Tools,paper clip
Handheld Objects & Tools,plank
Handheld Objects & Tools,plastic
Handheld Objects & Tools,pneumatic nail gun
Handheld Objects & Tools,potion bottle
Handheld Objects & Tools,pottery
Handheld Objects & Tools,pressure washer
Handheld Objects & Tools,printer
Handheld Objects & Tools,prop
Handheld Objects & Tools,pull-up bar exercises
Handheld Objects & Tools,resistance band chest press
Handheld Objects & Tools,resistance band squats
Handheld Objects & Tools,rocking chair
Handheld Objects & Tools,rope
Handheld Objects & Tools,rowing machine pulls
Handheld Objects & Tools,ruler
Handheld Objects & Tools,saw
Handheld Objects & Tools,scissors
Handheld Objects & Tools,scrapbooking
Handheld Objects & Tools,shelf
Handheld Objects & Tools,shoe
Handheld Objects & Tools,shoulder press machine
Handheld Objects & Tools,single-leg romanian deadlifts
Handheld Objects & Tools,sink
Handheld Objects & Tools,skill saw
Handheld Objects & Tools,sleeping bag
Handheld Objects & Tools,smartphone
Handheld Objects & Tools,smartwatch
Handheld Objects & Tools,smith machine bench press
Handheld Objects & Tools,smith machine squat
Handheld Objects & Tools,smith machine squats
Handheld Objects & Tools,snowshoe
Handheld Objects & Tools,soap
Handheld Objects & Tools,sock
Handheld Objects & Tools,socks
Handheld Objects & Tools,splunk
Handheld Objects & Tools,spoon
Handheld Objects & Tools,stove
Handheld Objects & Tools,suitcase
Handheld Objects & Tools,sunglasses
Handheld Objects & Tools,switch
Handheld Objects & Tools,tank
Handheld Objects & Tools,thread
Handheld Objects & Tools,toaster
Handheld Objects & Tools,tool
Handheld Objects & Tools,toolbox
Handheld Objects & Tools,toothbrush
Handheld Objects & Tools,toy
Handheld Objects & Tools,trekking pole
Handheld Objects & Tools,umbrella
Handheld Objects & Tools,vacuum
Handheld Objects & Tools,vacuum cleaner
Handheld Objects & Tools,valve
Handheld Objects & Tools,vase
Handheld Objects & Tools,visor
Handheld Objects & Tools,vr headset
Handheld Objects & Tools,wallet
Handheld Objects & Tools,washing machine
Handheld Objects & Tools,watch
Handheld Objects & Tools,water bottle
Handheld Objects & Tools,weighted vest push-ups
Handheld Objects & Tools,weighted vest squats
Handheld Objects & Tools,wet-grind
Handheld Objects & Tools,woodworking
Handheld Objects & Tools,wrench
Handheld Objects & Tools,xerox
Handheld Objects & Tools,zercher squat
Motorcycles,band curl
Motorcycles,bike
Motorcycles,cable bicep curls
Motorcycles,cable crossover
Motorcycles,cable lat pulldown
Motorcycles,cable rows
Motorcycles,cbr600rr
Motorcycles,daytona675
Motorcycles,dinghy
Motorcycles,dirk nowitzki
Motorcycles,dirk nowitzki
Motorcycles,dragonair
Motorcycles,hang glider
Motorcycles,hayabusa
Motorcycles,hoverboard
Motorcycles,meteor
Motorcycles,motorcycle
Motorcycles,ninja400
Motorcycles,ninja650
Motorcycles,nvidia
Motorcycles,panigalev2
Motorcycles,panigalev4
Motorcycles,r1
Motorcycles,resistance band rows
Motorcycles,robot
Motorcycles,romanian deadlift
Motorcycles,s1000rr
Motorcycles,scooter
Motorcycles,seated row machine
Motorcycles,shoes
Motorcycles,skateboard
Motorcycles,speedtriple
Motorcycles,sv650
Motorcycles,tesla
Motorcycles,thruster
Motorcycles,tram
Motorcycles,tramcar
Motorcycles,trolleybus
Motorcycles,wheel
Motorcycles,yacht
Natural Non-Geological Features,air
Natural Non-Geological Features,atoll
Natural Non-Geological Features,blizzard
Natural Non-Geological Features,climate
Natural Non-Geological Features,cloud
Natural Non-Geological Features,desert
Natural Non-Geological Features,dirt
Natural Non-Geological Features,drum
Natural Non-Geological Features,dune
Natural Non-Geological Features,fjord
Natural Non-Geological Features,fog
Natural Non-Geological Features,grassland
Natural Non-Geological Features,great barrier reef
Natural Non-Geological Features,heatwave
Natural Non-Geological Features,hot spring
Natural Non-Geological Features,hydrometeor
Natural Non-Geological Features,lagoon
Natural Non-Geological Features,lake
Natural Non-Geological Features,marsh
Natural Non-Geological Features,meadow
Natural Non-Geological Features,monsoon
Natural Non-Geological Features,niagara falls
Natural Non-Geological Features,ocean
Natural Non-Geological Features,prairie
Natural Non-Geological Features,rain
Natural Non-Geological Features,raincloud
Natural Non-Geological Features,river
Natural Non-Geological Features,riverbank
Natural Non-Geological Features,sahara
Natural Non-Geological Features,savanna
Natural Non-Geological Features,snow
Natural Non-Geological Features,snowfall
Natural Non-Geological Features,snowflake
Natural Non-Geological Features,snowstorm
Natural Non-Geological Features,strait
Natural Non-Geological Features,sun
Natural Non-Geological Features,swamp
Natural Non-Geological Features,thunder
Natural Non-Geological Features,thundercloud
Natural Non-Geological Features,tornado
Natural Non-Geological Features,trail
Natural Non-Geological Features,typhoon
Natural Non-Geological Features,valley
Natural Non-Geological Features,water
Natural Non-Geological Features,waterfall
Non-Motorized Transportation,air start unit
Non-Motorized Transportation,cycling
Non-Motorized Transportation,raft
Non-Motorized Transportation,rainfall
Non-Motorized Transportation,sailing
Non-Motorized Transportation,skateboarding
Non-Motorized Transportation,skiing
Non-Motorized Transportation,snowboarding
Non-Motorized Transportation,stationary bike sprints
Non-Tree Plants,azalea
Non-Tree Plants,bamboo
Non-Tree Plants,banana plant
Non-Tree Plants,blastoise
Non-Tree Plants,blue whale
Non-Tree Plants,brush
Non-Tree Plants,bush
Non-Tree Plants,cherry
Non-Tree Plants,chipmunk
Non-Tree Plants,cotton shirt
Non-Tree Plants,dandelion
Non-Tree Plants,diamond
Non-Tree Plants,flower
Non-Tree Plants,grass
Non-Tree Plants,hammock
Non-Tree Plants,leaf
Non-Tree Plants,lilac
Non-Tree Plants,lunge
Non-Tree Plants,magnolia
Non-Tree Plants,marigold
Non-Tree Plants,mountain biking
Non-Tree Plants,nettle
Non-Tree Plants,orchid
Non-Tree Plants,paddleboard
Non-Tree Plants,pansy
Non-Tree Plants,park
Non-Tree Plants,rose
Non-Tree Plants,rose bush
Non-Tree Plants,rug
Non-Tree Plants,sagebrush
Non-Tree Plants,sand
Non-Tree Plants,scarf
Non-Tree Plants,seated row
Non-Tree Plants,skirt
Non-Tree Plants,spinach
Non-Tree Plants,sunflower
Non-Tree Plants,thistle
Non-Tree Plants,tulip
Non-Tree Plants,winterproof
Non-Tree Plants,yard
Other Raw Foods,aerodactyl
Other Raw Foods,akamai technologies
Other Raw Foods,arcade machine
Other Raw Foods,artisan
Other Raw Foods,backlands
Other Raw Foods,battery
Other Raw Foods,beedrill
Other Raw Foods,billy cunningham
Other Raw Foods,blackberry
Other Raw Foods,blueberry bush
Other Raw Foods,bob cousy
Other Raw Foods,booking holdings
Other Raw Foods,bottle
Other Raw Foods,brookesia micra
Other Raw Foods,bulbasaur
Other Raw Foods,carnelian
Other Raw Foods,central netted dragon
Other Raw Foods,charizard
Other Raw Foods,chocolate
Other Raw Foods,crab
Other Raw Foods,crossover
Other Raw Foods,dave bing
Other Raw Foods,diavel
Other Raw Foods,dishwener
Other Raw Foods,firewood
Other Raw Foods,flag
Other Raw Foods,gold bar
Other Raw Foods,h2r
Other Raw Foods,hollow hold
Other Raw Foods,howlite
Other Raw Foods,ice cube
Other Raw Foods,iolite
Other Raw Foods,lobster tail
Other Raw Foods,match group
Other Raw Foods,metapod
Other Raw Foods,monster1200
Other Raw Foods,montres
Other Raw Foods,moon
Other Raw Foods,oatmeal
Other Raw Foods,omaha
Other Raw Foods,quality
Other Raw Foods,r6
Other Raw Foods,raincoat
Other Raw Foods,raticate
Other Raw Foods,rock agama
Other Raw Foods,s1000r
Other Raw Foods,salak
Other Raw Foods,samoyed
Other Raw Foods,sandbag cleans
Other Raw Foods,sapphire
Other Raw Foods,scyther
Other Raw Foods,series finale
Other Raw Foods,shell
Other Raw Foods,shirt
Other Raw Foods,shrub
Other Raw Foods,streettriple
Other Raw Foods,telescope
Other Raw Foods,tent
Other Raw Foods,texas instruments
Other Raw Foods,thorny devil
Other Raw Foods,tokay gecko
Other Raw Foods,toucan
Other Raw Foods,transponder
Other Raw Foods,tree monitor
Other Raw Foods,tropical-air
Other Raw Foods,tuna
Other Raw Foods,uber technologies
Other Raw Foods,vermont
Other Raw Foods,version
Other Raw Foods,zx6r
Prepared Foods & Meals,apple pie
Prepared Foods & Meals,bagel with cream
Prepared Foods & Meals,binge
Prepared Foods & Meals,burger
Prepared Foods & Meals,burger
Prepared Foods & Meals,caesar salad
Prepared Foods & Meals,cereal with milk
Prepared Foods & Meals,chicken curry
Prepared Foods & Meals,chocolate bar
Prepared Foods & Meals,cottage cheese
Prepared Foods & Meals,cracker
Prepared Foods & Meals,croissant
Prepared Foods & Meals,cup of coffee
Prepared Foods & Meals,cupcake
Prepared Foods & Meals,donut
Prepared Foods & Meals,dumpling
Prepared Foods & Meals,fish and chips
Prepared Foods & Meals,gold ring
Prepared Foods & Meals,green salad
Prepared Foods & Meals,grilled salmon
Prepared Foods & Meals,horchata
Prepared Foods & Meals,hot dog
Prepared Foods & Meals,hummus
Prepared Foods & Meals,ice cream
Prepared Foods & Meals,ice pop
Prepared Foods & Meals,kombucha
Prepared Foods & Meals,lasagna
Prepared Foods & Meals,lollipop
Prepared Foods & Meals,mac & cheese
Prepared Foods & Meals,magic wand
Prepared Foods & Meals,meal
Prepared Foods & Meals,mojito
Prepared Foods & Meals,netflix
Prepared Foods & Meals,paella
Prepared Foods & Meals,pancake
Prepared Foods & Meals,pancakes
Prepared Foods & Meals,pasta
Prepared Foods & Meals,pizza
Prepared Foods & Meals,pizza slice
Prepared Foods & Meals,plate
Prepared Foods & Meals,popcorn
Prepared Foods & Meals,protein shake
Prepared Foods & Meals,ramen bowl
Prepared Foods & Meals,rating
Prepared Foods & Meals,restaurant
Prepared Foods & Meals,roast beef
Prepared Foods & Meals,roast turkey
Prepared Foods & Meals,roast vegetables
Prepared Foods & Meals,rum punch
Prepared Foods & Meals,sake
Prepared Foods & Meals,set
Prepared Foods & Meals,shrimp cocktail
Prepared Foods & Meals,smoothie
Prepared Foods & Meals,soju
Prepared Foods & Meals,soup
Prepared Foods & Meals,steak
Prepared Foods & Meals,sushi
Prepared Foods & Meals,taco
Prepared Foods & Meals,tequila
Prepared Foods & Meals,vegetable soup
Prepared Foods & Meals,vitamin
Prepared Foods & Meals,watermelon slice
Prepared Foods & Meals,weather-map
Prepared Foods & Meals,yogurt
Reptiles & Amphibians,alligator
Reptiles & Amphibians,anaconda
Reptiles & Amphibians,articuno
Reptiles & Amphibians,bearded dragon
Reptiles & Amphibians,blue-tongued skink
Reptiles & Amphibians,common basilisk
Reptiles & Amphibians,crested gecko
Reptiles & Amphibians,day gecko
Reptiles & Amphibians,five-lined skink
Reptiles & Amphibians,frog
Reptiles & Amphibians,green basilisk
Reptiles & Amphibians,green iguana
Reptiles & Amphibians,lace monitor
Reptiles & Amphibians,marine iguana
Reptiles & Amphibians,mewtwo
Reptiles & Amphibians,mourning gecko
Reptiles & Amphibians,savannah monitor
Reptiles & Amphibians,snake
Reptiles & Amphibians,texas spiny lizard
Reptiles & Amphibians,veiled chameleon
Reptiles & Amphibians,wartortle
Transportation Infrastructure,aircraft mechanic
Transportation Infrastructure,ambulance
Transportation Infrastructure,bell
Transportation Infrastructure,binoculars
Transportation Infrastructure,black box
Transportation Infrastructure,blimp
Transportation Infrastructure,boat
Transportation Infrastructure,bus
Transportation Infrastructure,catamaran
Transportation Infrastructure,control tower
Transportation Infrastructure,district of columbia
Transportation Infrastructure,first officer
Transportation Infrastructure,flight attendant
Transportation Infrastructure,flight deck
Transportation Infrastructure,flight engineer
Transportation Infrastructure,fort worth
Transportation Infrastructure,funicular
Transportation Infrastructure,glute bridge
Transportation Infrastructure,glute bridges
Transportation Infrastructure,golf cart
Transportation Infrastructure,gondola
Transportation Infrastructure,great wall
Transportation Infrastructure,ground power unit
Transportation Infrastructure,hangar
Transportation Infrastructure,helipad
Transportation Infrastructure,highway
Transportation Infrastructure,ice hockey
Transportation Infrastructure,landing gear
Transportation Infrastructure,lighthouse
Transportation Infrastructure,missouri
Transportation Infrastructure,monorail
Transportation Infrastructure,mount everest
Transportation Infrastructure,network
Transportation Infrastructure,northern mariana islands
Transportation Infrastructure,oklahoma city
Transportation Infrastructure,paraglider
Transportation Infrastructure,police car
Transportation Infrastructure,private jet
Transportation Infrastructure,pushback tug
Transportation Infrastructure,radio
Transportation Infrastructure,remote
Transportation Infrastructure,rickshaw
Transportation Infrastructure,road
Transportation Infrastructure,rocket
Transportation Infrastructure,rowing
Transportation Infrastructure,rugby league
Transportation Infrastructure,rugby union
Transportation Infrastructure,runway
Transportation Infrastructure,satellite
Transportation Infrastructure,school bus
Transportation Infrastructure,scrambler
Transportation Infrastructure,seaplane
Transportation Infrastructure,segway
Transportation Infrastructure,ship
Transportation Infrastructure,skate park
Transportation Infrastructure,sled
Transportation Infrastructure,snatch
Transportation Infrastructure,snowmobile
Transportation Infrastructure,subway
Transportation Infrastructure,sydney opera house
Transportation Infrastructure,taxi
Transportation Infrastructure,taxiway
Transportation Infrastructure,terminal
Transportation Infrastructure,titanic
Transportation Infrastructure,trailer
Transportation Infrastructure,train station
Transportation Infrastructure,trolley
Transportation Infrastructure,twilio
Transportation Infrastructure,van
Transportation Infrastructure,wagon
Trees,apple tree
Trees,avocado tree
Trees,cedar tree
Trees,cherry blossom tree
Trees,desertx
Trees,forest
Trees,hydrangea
Trees,map
Trees,maple
Trees,maple tree
Trees,montana
Trees,mount kilimanjaro
Trees,mountain range
Trees,oak
Trees,oak tree
Trees,olive tree
Trees,plant
Trees,rainforest
Trees,sequoia
Trees,tree
Wild Mammals,aardvark
Wild Mammals,anteater
Wild Mammals,antelope
Wild Mammals,armadillo girdled lizard
Wild Mammals,baboon
Wild Mammals,badger
Wild Mammals,bear crawls
Wild Mammals,bengal tiger
Wild Mammals,bison
Wild Mammals,bloodhound
Wild Mammals,boar
Wild Mammals,border collie
Wild Mammals,buffalo
Wild Mammals,camel
Wild Mammals,cattail
Wild Mammals,chimpanzee
Wild Mammals,common agama
Wild Mammals,cougar
Wild Mammals,coyote
Wild Mammals,crocodile
Wild Mammals,cub
Wild Mammals,deer
Wild Mammals,dog
Wild Mammals,dog
Wild Mammals,eagle
Wild Mammals,ferret
Wild Mammals,fox
Wild Mammals,gazelle
Wild Mammals,giraffe
Wild Mammals,goldfish
Wild Mammals,gorilla
Wild Mammals,great pyrenees
Wild Mammals,grizzly bear
Wild Mammals,hare
Wild Mammals,hawk
Wild Mammals,hedgehog
Wild Mammals,hippopotamus
Wild Mammals,horse
Wild Mammals,ivysaur
Wild Mammals,jaguar
Wild Mammals,kangaroo
Wild Mammals,kitty
Wild Mammals,koala
Wild Mammals,komodo dragon
Wild Mammals,lemur
Wild Mammals,lion
Wild Mammals,magmar
Wild Mammals,mew
Wild Mammals,monkey
Wild Mammals,moose
Wild Mammals,mountain climber
Wild Mammals,mouse
Wild Mammals,north carolina
Wild Mammals,ocelot
Wild Mammals,orangutan
Wild Mammals,ostrich
Wild Mammals,panda
Wild Mammals,platypus
Wild Mammals,polar bear
Wild Mammals,porcupine
Wild Mammals,rabbit
Wild Mammals,raccoon
Wild Mammals,red fox
Wild Mammals,reindeer
Wild Mammals,rhinoceros
Wild Mammals,robin
Wild Mammals,saint bernard
Wild Mammals,sea lion
Wild Mammals,seal
Wild Mammals,skunk
Wild Mammals,sloth
Wild Mammals,slow worm
Wild Mammals,snorlax
Wild Mammals,snow leopard
Wild Mammals,tiger
Wild Mammals,toad
Wild Mammals,tortoise
Wild Mammals,urchin
Wild Mammals,venusaur
Wild Mammals,walrus
Wild Mammals,warthog
Wild Mammals,water dragon
Wild Mammals,weimaraner
Wild Mammals,wolf
Wild Mammals,zebra
other,bob mcadoo
other,bottle episode
other,broadcom
other,burpee
other,burpees
other,caterpie
other,dolph schayes
other,doordash
other,drink
other,fiserv
other,flashback
other,flight simulator
other,montage
other,mt07
other,mt09
other,paypal
other,pec deck
other,petra
other,phone
other,picture frame
other,pikachu
other,raindrift
other,ramp agent
other,recap
other,reggie miller
other,replacement
other,spin-off
other,starmie
other,streaming
