noun,category
aardvark,Wild Mammals
acai,Fruits
action figure,"Abstract Concepts, Places, People & Activities"
actor,Uncategorized
adobe,Buildings & Large Structures
advanced micro,Uncategorized
aerodactyl,Other Raw Foods
aeronautical engineer,Uncategorized
african elephant,Uncategorized
africatwin,Uncategorized
agate,Uncategorized
agility ladder drills,Uncategorized
air,Natural Non-Geological Features
air start unit,Non-Motorized Transportation
air traffic controller,Uncategorized
aircraft mechanic,Transportation Infrastructure
airedale terrier,Uncategorized
airliner,Uncategorized
airplane,Uncategorized
airport,Uncategorized
airship,Uncategorized
airspace,Uncategorized
akamai technologies,Other Raw Foods
akita,Uncategorized
alabama,Uncategorized
alaska,Uncategorized
alaskan malamute,Domesticated Mammals
albuqerque,Uncategorized
allen iverson,Uncategorized
alligator,Reptiles & Amphibians
alpaca,Uncategorized
alphabet,"Abstract Concepts, Places, People & Activities"
altimeter,Uncategorized
amazon,Fruits
amazon river,Uncategorized
amazonite,Uncategorized
ambulance,Transportation Infrastructure
american football,Uncategorized
american samoa,Uncategorized
amethyst,Uncategorized
amphibolite,Uncategorized
anaconda,Reptiles & Amphibians
anchorage,Uncategorized
andesite,Geological Features & Minerals
angelite,Uncategorized
animation,Uncategorized
anorthosite,Geological Features & Minerals
ant,Uncategorized
antagonist,Uncategorized
anteater,Wild Mammals
antelope,Wild Mammals
antenna,"Abstract Concepts, Places, People & Activities"
anthony davis,Uncategorized
anthracite,Geological Features & Minerals
anvil,Buildings & Large Structures
apartment,Domesticated Mammals
apatite,Uncategorized
appearance,"Abstract Concepts, Places, People & Activities"
apple,Fruits
apple pie,Prepared Foods & Meals
apple tree,Trees
applied materials,Handheld Objects & Tools
apricot,Uncategorized
apron,Uncategorized
aquamarine,Uncategorized
aragonite,Uncategorized
arcade machine,Other Raw Foods
archery,Uncategorized
archipelago,Uncategorized
architect,Uncategorized
arctic tundra,Uncategorized
arctic wolf,Uncategorized
arizona,Uncategorized
arkansas,"Abstract Concepts, Places, People & Activities"
arkose,Uncategorized
arlington,Uncategorized
arm,Uncategorized
armadillo,Uncategorized
armadillo girdled lizard,Wild Mammals
articuno,Reptiles & Amphibians
artisan,Other Raw Foods
artist,Uncategorized
assisted dip,Uncategorized
astronaut,Uncategorized
astronomy,"Abstract Concepts, Places, People & Activities"
athlete,Uncategorized
atlanta,Uncategorized
atmosphere,"Abstract Concepts, Places, People & Activities"
atoll,Natural Non-Geological Features
atv,Uncategorized
audience,Uncategorized
austin,Uncategorized
australian shepherd,Domesticated Mammals
autodesk,Handheld Objects & Tools
avionics,Uncategorized
avocado,Fruits
avocado tree,Trees
azalea,Non-Tree Plants
baboon,Wild Mammals
baby,Uncategorized
back squat,Uncategorized
backpack,Handheld Objects & Tools
bad-weather,"Abstract Concepts, Places, People & Activities"
badger,Wild Mammals
badlands,Uncategorized
badminton,"Abstract Concepts, Places, People & Activities"
bag,Handheld Objects & Tools
bagel,Uncategorized
bagel with cream,Prepared Foods & Meals
baguette,Fruits
bait,Uncategorized
bakersfield,Uncategorized
bakery,Uncategorized
baking,Uncategorized
bald eagle,Uncategorized
ball,Uncategorized
balloon,"Abstract Concepts, Places, People & Activities"
baltimore,Uncategorized
bamboo,Non-Tree Plants
banana,Fruits
banana plant,Non-Tree Plants
band curl,Motorcycles
band deadlift,Uncategorized
band face pull,Uncategorized
band kickback,Uncategorized
band lateral walk,Uncategorized
band overhead press,Uncategorized
band press,Uncategorized
band pull-apart,Uncategorized
band row,Uncategorized
band squat,Uncategorized
bandit1200,Uncategorized
barbell curl,Uncategorized
barbell rollout,Uncategorized
barbell row,Uncategorized
barbell rows,Uncategorized
barbell shrug,Uncategorized
barbell squats,Uncategorized
barge,Uncategorized
barite,Uncategorized
basalt,Uncategorized
baseball,Uncategorized
basenji,Uncategorized
basil,Uncategorized
basket,Handheld Objects & Tools
basketball,"Abstract Concepts, Places, People & Activities"
basset hound,Uncategorized
bat,Uncategorized
bathtub,Handheld Objects & Tools
battery,Other Raw Foods
battle rope waves,"Abstract Concepts, Places, People & Activities"
bauxite,Geological Features & Minerals
bay,Uncategorized
beach,Uncategorized
beagle,Uncategorized
bear,Uncategorized
bear crawls,Wild Mammals
bearded dragon,Reptiles & Amphibians
beaver,Domesticated Mammals
bed,"Abstract Concepts, Places, People & Activities"
bedroom,"Abstract Concepts, Places, People & Activities"
bee,"Birds, Fish, Insects & Other Animals"
beedrill,Other Raw Foods
beekeeping,Uncategorized
beer,Uncategorized
beethoven,Uncategorized
bell,Transportation Infrastructure
bench press,Handheld Objects & Tools
bengal tiger,Wild Mammals
berlin,Uncategorized
bernese mountain dog,Domesticated Mammals
beryl,Buildings & Large Structures
bicycle,"Cars, Trucks, Boats & Other Motorized Vehicles"
bike,Motorcycles
bill russell,Uncategorized
bill sharman,Uncategorized
bill walton,Uncategorized
billy cunningham,Other Raw Foods
binge,Prepared Foods & Meals
binoculars,Transportation Infrastructure
bird,"Birds, Fish, Insects & Other Animals"
birding,Uncategorized
birdwatching,Uncategorized
birmingham,Uncategorized
bison,Wild Mammals
black box,Transportation Infrastructure
blackberry,Other Raw Foods
blanket,"Abstract Concepts, Places, People & Activities"
blastoise,Non-Tree Plants
blender,Uncategorized
blimp,Transportation Infrastructure
blizzard,Natural Non-Geological Features
block,"Abstract Concepts, Places, People & Activities"
blogging,Uncategorized
bloodhound,Wild Mammals
blue whale,Non-Tree Plants
blue-tongued skink,Reptiles & Amphibians
blueberry,Fruits
blueberry bush,Other Raw Foods
boar,Wild Mammals
board,Handheld Objects & Tools
boat,Transportation Infrastructure
bob cousy,Other Raw Foods
bob mcadoo,other
bob pettit,Uncategorized
boba tea,Fruits
book,"Abstract Concepts, Places, People & Activities"
booking holdings,Other Raw Foods
bookshelf,Handheld Objects & Tools
boot,Domesticated Mammals
border collie,Wild Mammals
boston,"Abstract Concepts, Places, People & Activities"
boston terrier,Uncategorized
bottle,Other Raw Foods
bottle episode,other
bottlecap,Handheld Objects & Tools
boulder,Geological Features & Minerals
bowl,Domesticated Mammals
box,Buildings & Large Structures
box jumps,Uncategorized
boxer,Uncategorized
boxing,Uncategorized
boysenberry,Uncategorized
bread,Uncategorized
breadfruit,Uncategorized
breath,Uncategorized
breccia,Uncategorized
brian,Uncategorized
brick,Uncategorized
bridge,Uncategorized
broadcast,"Abstract Concepts, Places, People & Activities"
broadcom,other
brookesia micra,Other Raw Foods
broom,Uncategorized
brown basilisk,Uncategorized
brush,Non-Tree Plants
bucket,Handheld Objects & Tools
buffalo,Wild Mammals
building,Buildings & Large Structures
bulbasaur,Other Raw Foods
bulldog,Domesticated Mammals
bulldozer,"Cars, Trucks, Boats & Other Motorized Vehicles"
bullmastiff,Uncategorized
burger,Prepared Foods & Meals
burger,Prepared Foods & Meals
burj khalifa,Buildings & Large Structures
burpee,other
burpees,other
burrito,Uncategorized
bus,Transportation Infrastructure
bush,Non-Tree Plants
butte,Geological Features & Minerals
butterfly,"Birds, Fish, Insects & Other Animals"
butterfree,Uncategorized
button,Handheld Objects & Tools
cable,Uncategorized
cable bicep curls,Motorcycles
cable crossover,Motorcycles
cable lat pulldown,Motorcycles
cable lateral raises,Uncategorized
cable rows,Motorcycles
cable tricep pushdowns,Handheld Objects & Tools
cactus,"Birds, Fish, Insects & Other Animals"
caesar salad,Prepared Foods & Meals
cake,Uncategorized
calcite,Geological Features & Minerals
calculator,Handheld Objects & Tools
calendar,"Abstract Concepts, Places, People & Activities"
california,Uncategorized
calligraphy,Uncategorized
camel,Wild Mammals
camellia,Uncategorized
camera,Uncategorized
camp chair,Uncategorized
camp stove,Uncategorized
campervan,Uncategorized
campfire,Uncategorized
camping,Uncategorized
canal,Uncategorized
candle,Uncategorized
candleholder,Uncategorized
cane corso,Uncategorized
canoe,Uncategorized
cantaloupe,Uncategorized
canyon,Uncategorized
captain,Uncategorized
car,"Cars, Trucks, Boats & Other Motorized Vehicles"
car tire,"Cars, Trucks, Boats & Other Motorized Vehicles"
carabiner,Handheld Objects & Tools
carbonatite,Uncategorized
carmelo anthony,Uncategorized
carnelian,Other Raw Foods
carpenter,Buildings & Large Structures
carpet,Uncategorized
carrot,Uncategorized
carrot sticks,Uncategorized
cart,Uncategorized
cartoon,Uncategorized
castle,Uncategorized
cat,Uncategorized
catamaran,Transportation Infrastructure
caterpie,other
cattail,Wild Mammals
cavalier king charles spaniel,Uncategorized
cave,Uncategorized
cbr1000rr,"Cars, Trucks, Boats & Other Motorized Vehicles"
cbr600rr,Motorcycles
cedar tree,Trees
ceiling,Buildings & Large Structures
ceiling fan,Handheld Objects & Tools
celebration,Uncategorized
celestite,Uncategorized
central netted dragon,Other Raw Foods
cereal with milk,Prepared Foods & Meals
chai,Fruits
chain,Handheld Objects & Tools
chainsaw,Uncategorized
chair,Buildings & Large Structures
chalcedony,Geological Features & Minerals
chalk,Uncategorized
chameleon,"Birds, Fish, Insects & Other Animals"
champagne,Uncategorized
charger,Uncategorized
charizard,Other Raw Foods
charles barkley,Uncategorized
charleston,Uncategorized
charlotte,Uncategorized
charmander,"Abstract Concepts, Places, People & Activities"
charmeleon,Uncategorized
cheese,Fruits
cheeseburger,Uncategorized
cheetah,Uncategorized
chef,Uncategorized
cherry,Non-Tree Plants
cherry blossom tree,Trees
chert,Geological Features & Minerals
chess,"Abstract Concepts, Places, People & Activities"
chessboard,Uncategorized
chest press,Handheld Objects & Tools
chest press machine,Uncategorized
chicago,Uncategorized
chicken,Fruits
chicken curry,Prepared Foods & Meals
chihuahua,Domesticated Mammals
child,Uncategorized
chimpanzee,Wild Mammals
chipmunk,Non-Tree Plants
chocolate,Other Raw Foods
chocolate bar,Prepared Foods & Meals
chocolate cake,Fruits
chow chow,Domesticated Mammals
chris paul,Uncategorized
christ the redeemer,"Abstract Concepts, Places, People & Activities"
chrysoberyl,Uncategorized
chrysoprase,Uncategorized
church,Uncategorized
cilantro,Uncategorized
cinder block,Uncategorized
cisco systems,Uncategorized
citrine,Uncategorized
city,Uncategorized
clean,"Abstract Concepts, Places, People & Activities"
cleopatra,Uncategorized
cliffhanger,Uncategorized
climate,Natural Non-Geological Features
climbing,Uncategorized
climbing harness,Uncategorized
clock,"Abstract Concepts, Places, People & Activities"
cloud,Natural Non-Geological Features
clover,Uncategorized
clownfish,Uncategorized
clyde drexler,Uncategorized
coach,Uncategorized
coal,Uncategorized
coat,Uncategorized
cobra,Uncategorized
cobweb,Uncategorized
cockatoo,Uncategorized
cocker spaniel,Uncategorized
cockpit,Uncategorized
coconut,Uncategorized
coffee,Uncategorized
coffee maker,Uncategorized
cognizant,"Abstract Concepts, Places, People & Activities"
coin,Fruits
coin purse,Handheld Objects & Tools
coinbase global,Uncategorized
cold open,Uncategorized
collared lizard,Uncategorized
collecting,Uncategorized
college,Uncategorized
collie,Domesticated Mammals
colorado,Uncategorized
colorado springs,Uncategorized
colosseum,Buildings & Large Structures
columbia,Uncategorized
columbus,Uncategorized
comb,Uncategorized
comic book,Uncategorized
commercial,Uncategorized
committee,Uncategorized
common agama,Wild Mammals
common basilisk,Reptiles & Amphibians
common wall lizard,Uncategorized
compass,Handheld Objects & Tools
computer,"Abstract Concepts, Places, People & Activities"
conglomerate,Geological Features & Minerals
connecticut,Uncategorized
continent,Uncategorized
control tower,Transportation Infrastructure
cookie,Uncategorized
cooking,Uncategorized
coral reef,Uncategorized
cord,Handheld Objects & Tools
corn,Fruits
cottage cheese,Prepared Foods & Meals
cotton shirt,Non-Tree Plants
couch,"Abstract Concepts, Places, People & Activities"
cougar,Wild Mammals
country,Uncategorized
cow,Domesticated Mammals
coyote,Wild Mammals
crab,Other Raw Foods
cracker,Prepared Foods & Meals
cranberry,Fruits
credits,"Abstract Concepts, Places, People & Activities"
crested gecko,Reptiles & Amphibians
cricket,"Birds, Fish, Insects & Other Animals"
crocodile,Wild Mammals
croissant,Prepared Foods & Meals
crossover,Other Raw Foods
crowdstrike,"Abstract Concepts, Places, People & Activities"
crunch,Handheld Objects & Tools
crystal,Geological Features & Minerals
cub,Wild Mammals
cup,Uncategorized
cup of coffee,Prepared Foods & Meals
cupcake,Prepared Foods & Meals
curb,"Abstract Concepts, Places, People & Activities"
curie,Uncategorized
currant,Fruits
curry,Uncategorized
cushion,Uncategorized
cycling,Non-Motorized Transportation
cyclone,Uncategorized
dachshund,Uncategorized
dahlia,Uncategorized
dallas,Uncategorized
dalmatian,Uncategorized
dam,Buildings & Large Structures
damian lillard,Uncategorized
dancer,Uncategorized
dancing,Uncategorized
dandelion,Non-Tree Plants
darwin,"Abstract Concepts, Places, People & Activities"
date,Uncategorized
dave bing,Other Raw Foods
dave cowens,Uncategorized
dave debusschere,Uncategorized
david robinson,Uncategorized
day gecko,Reptiles & Amphibians
daytona675,Motorcycles
de-icing truck,"Cars, Trucks, Boats & Other Motorized Vehicles"
deadlift,Uncategorized
deadlifts,Uncategorized
deep freezer,Handheld Objects & Tools
deer,Wild Mammals
delaware,Uncategorized
dell technologies,Uncategorized
delta,Geological Features & Minerals
dennis rodman,Uncategorized
dentist,Uncategorized
denver,Uncategorized
desert,Natural Non-Geological Features
desert iguana,Uncategorized
desert monitor,Uncategorized
desertx,Trees
designer,Uncategorized
desk,Buildings & Large Structures
desk lamp,Handheld Objects & Tools
detective,Uncategorized
detroit,Uncategorized
dew,Uncategorized
diamond,Non-Tree Plants
diavel,Other Raw Foods
dice,Uncategorized
difference,"Abstract Concepts, Places, People & Activities"
dinghy,Motorcycles
diorite,Geological Features & Minerals
dip station exercises,Handheld Objects & Tools
direction,Uncategorized
director,Uncategorized
dirk nowitzki,Motorcycles
dirk nowitzki,Motorcycles
dirt,Natural Non-Geological Features
disaster,"Abstract Concepts, Places, People & Activities"
dishwasher,Uncategorized
dispatcher,Uncategorized
district of columbia,Transportation Infrastructure
ditto,Uncategorized
doberman pinscher,Domesticated Mammals
doctor,Uncategorized
documentary,"Abstract Concepts, Places, People & Activities"
dog,Wild Mammals
dog,Wild Mammals
dolomite,Geological Features & Minerals
dolph schayes,other
dolphin,"Birds, Fish, Insects & Other Animals"
dominique wilkins,Uncategorized
donkey,Domesticated Mammals
donut,Prepared Foods & Meals
door,Buildings & Large Structures
doordash,other
doorknob,Handheld Objects & Tools
dragon,Uncategorized
dragonair,Motorcycles
dragonfruit,Fruits
dragonite,Uncategorized
drama,Uncategorized
dratini,Uncategorized
drawer,Uncategorized
drawing,Uncategorized
dream,Uncategorized
drill,Uncategorized
drizzle,Uncategorized
drone,Uncategorized
drought,Uncategorized
drum,Natural Non-Geological Features
drumming,Uncategorized
dryer,Uncategorized
duck,Uncategorized
duke1290,Uncategorized
duke200,Uncategorized
duke390,Uncategorized
duke790,Uncategorized
duke890,Uncategorized
dumbbell chest press,Uncategorized
dumbbell curl,Uncategorized
dumbbell deadlift,Uncategorized
dumbbell fly,Uncategorized
dumbbell front raise,Uncategorized
dumbbell hammer curl,Uncategorized
dumbbell kickback,Uncategorized
dumbbell lateral raise,Uncategorized
dumbbell lunge,Uncategorized
dumbbell lunges,Uncategorized
dumbbell press,Uncategorized
dumbbell pullover,Uncategorized
dumbbell row,Uncategorized
dumbbell shoulder press,Uncategorized
dumbbell shrug,Uncategorized
dumbbell snatch,Uncategorized
dumbbell squat,Uncategorized
dumbbell thruster,Handheld Objects & Tools
dumbbell tricep kickbacks,Handheld Objects & Tools
dumpling,Prepared Foods & Meals
dune,Natural Non-Geological Features
durian,Uncategorized
dwyane wade,Uncategorized
eagle,Wild Mammals
earl monroe,Uncategorized
earth,"Abstract Concepts, Places, People & Activities"
eastern fence lizard,Uncategorized
eclogite,Uncategorized
education,Uncategorized
eevee,Uncategorized
egg,Uncategorized
eiffel tower,Buildings & Large Structures
einstein,Uncategorized
el paso,Uncategorized
electabuzz,Uncategorized
electric car,"Cars, Trucks, Boats & Other Motorized Vehicles"
electrician,Uncategorized
electricity,Uncategorized
electronic arts,Uncategorized
elephant,Uncategorized
elevator,Uncategorized
elgin baylor,Uncategorized
elk,Uncategorized
elliptical intervals,Uncategorized
elvin hayes,Uncategorized
embroidery,Uncategorized
emerald,Uncategorized
emu,Uncategorized
engine,Uncategorized
engineer,Uncategorized
english springer spaniel,Domesticated Mammals
envelope,Uncategorized
environment,Uncategorized
episode,Uncategorized
eraser,Uncategorized
espresso,Uncategorized
estuary,Uncategorized
evaporite,Uncategorized
excavator,Uncategorized
expression,Uncategorized
f900r,Uncategorized
factory,Uncategorized
falafel wrap,Uncategorized
falcon,Uncategorized
family,Uncategorized
fan,Handheld Objects & Tools
farm,Uncategorized
farmer,Uncategorized
farmland,Uncategorized
faucet,Handheld Objects & Tools
fearow,"Abstract Concepts, Places, People & Activities"
feather,Uncategorized
fencing,Buildings & Large Structures
fern,Uncategorized
ferret,Wild Mammals
ferry,Uncategorized
field hockey,Uncategorized
fig,Fruits
fighter jet,Uncategorized
fire,Uncategorized
fireblade,Uncategorized
firefighter,Uncategorized
firetruck,Uncategorized
firewood,Other Raw Foods
first aid kit,Handheld Objects & Tools
first officer,Transportation Infrastructure
fiserv,other
fish,"Birds, Fish, Insects & Other Animals"
fish and chips,Prepared Foods & Meals
fishing,Uncategorized
fishnet,"Birds, Fish, Insects & Other Animals"
five-lined skink,Reptiles & Amphibians
fjord,Natural Non-Geological Features
flag,Other Raw Foods
flamingo,"Birds, Fish, Insects & Other Animals"
flashback,other
flashlight,Handheld Objects & Tools
flight attendant,Transportation Infrastructure
flight deck,Transportation Infrastructure
flight engineer,Transportation Infrastructure
flight plan,Uncategorized
flight simulator,other
flint,Uncategorized
floor,Buildings & Large Structures
florida,Uncategorized
flower,Non-Tree Plants
fluorite,Geological Features & Minerals
fog,Natural Non-Geological Features
foot,Handheld Objects & Tools
forecast,Uncategorized
forest,Trees
fork,Handheld Objects & Tools
forklift,Uncategorized
fort worth,Transportation Infrastructure
fossil,Geological Features & Minerals
fox,Wild Mammals
frame,Buildings & Large Structures
franchise,Uncategorized
freedom,"Abstract Concepts, Places, People & Activities"
freighter,Aircraft
french bulldog,Uncategorized
french fries,Uncategorized
fresno,Uncategorized
fridge,Handheld Objects & Tools
fried chicken,Uncategorized
friend,Uncategorized
friendship,Uncategorized
frilled-neck lizard,"Birds, Fish, Insects & Other Animals"
frog,Reptiles & Amphibians
front squat,Uncategorized
funicular,Transportation Infrastructure
fuselage,Aircraft
gabbro,Uncategorized
galileo,Uncategorized
game,"Abstract Concepts, Places, People & Activities"
gaming,Uncategorized
gandhi,Uncategorized
ganges,Uncategorized
garbage,"Abstract Concepts, Places, People & Activities"
garden,Uncategorized
gardener,Uncategorized
gardening,Uncategorized
gargoyle gecko,"Birds, Fish, Insects & Other Animals"
garnet,Geological Features & Minerals
gary payton,Uncategorized
gas can,"Cars, Trucks, Boats & Other Motorized Vehicles"
gazelle,Wild Mammals
genealogy,"Abstract Concepts, Places, People & Activities"
generator,Handheld Objects & Tools
genre,"Abstract Concepts, Places, People & Activities"
george gervin,Uncategorized
george mikan,Uncategorized
georgia,Uncategorized
gerbil,Domesticated Mammals
german shepherd,Uncategorized
geyser,Geological Features & Minerals
giannis antetokounmpo,Uncategorized
gila monster,"Birds, Fish, Insects & Other Animals"
giraffe,Wild Mammals
glacier,Uncategorized
glass,Uncategorized
glass lizard,"Birds, Fish, Insects & Other Animals"
glass vase,Buildings & Large Structures
glasses,Uncategorized
glider,Uncategorized
globe,"Abstract Concepts, Places, People & Activities"
glove,Handheld Objects & Tools
gloves,Handheld Objects & Tools
glute bridge,Transportation Infrastructure
glute bridges,Transportation Infrastructure
gneiss,Geological Features & Minerals
goat,Domesticated Mammals
gold bar,Other Raw Foods
gold ring,Prepared Foods & Meals
golden retriever,Uncategorized
goldfish,Wild Mammals
golf,"Abstract Concepts, Places, People & Activities"
golf cart,Transportation Infrastructure
gondola,Transportation Infrastructure
good morning,"Abstract Concepts, Places, People & Activities"
goose,"Birds, Fish, Insects & Other Animals"
gooseberry,Fruits
gorilla,Wild Mammals
grain,Fruits
grand canyon,Geological Features & Minerals
grandmother,Uncategorized
grandparent,Uncategorized
granite,Geological Features & Minerals
grape vine,Uncategorized
grapes,Fruits
grass,Non-Tree Plants
grassland,Natural Non-Geological Features
great barrier reef,Natural Non-Geological Features
great dane,Uncategorized
great pyrenees,Wild Mammals
great wall,Transportation Infrastructure
green basilisk,Reptiles & Amphibians
green iguana,Reptiles & Amphibians
green salad,Prepared Foods & Meals
greywacke,Geological Features & Minerals
grilled salmon,Prepared Foods & Meals
grizzly bear,Wild Mammals
grom,Uncategorized
ground crew,Uncategorized
ground power unit,Transportation Infrastructure
gsxr1000,Aircraft
gsxr600,Aircraft
gsxr750,Aircraft
guam,Uncategorized
guava,Fruits
guest star,"Abstract Concepts, Places, People & Activities"
guinea pig,Domesticated Mammals
guitar,Uncategorized
gulf,Uncategorized
gyarados,Uncategorized
gymnastics,"Abstract Concepts, Places, People & Activities"
gypsum,Geological Features & Minerals
h2r,Other Raw Foods
hail,Uncategorized
hailstorm,Uncategorized
hairbrush,Uncategorized
hakeem olajuwon,Uncategorized
hal greer,Uncategorized
halite,Uncategorized
hamburger,Uncategorized
hammer,Handheld Objects & Tools
hammock,Non-Tree Plants
hamster,Domesticated Mammals
hand saw,Handheld Objects & Tools
hang glider,Motorcycles
hangar,Transportation Infrastructure
harbor,Uncategorized
hare,Wild Mammals
hat,"Abstract Concepts, Places, People & Activities"
havanese,Uncategorized
hawaii,Uncategorized
hawk,Wild Mammals
hayabusa,Motorcycles
headphones,"Abstract Concepts, Places, People & Activities"
heatwave,Natural Non-Geological Features
hedgehog,Wild Mammals
height,"Abstract Concepts, Places, People & Activities"
helicopter,Aircraft
helipad,Transportation Infrastructure
helmet,Handheld Objects & Tools
hematite,Uncategorized
hero,Uncategorized
hewlett packard,Uncategorized
hibiscus,Uncategorized
highway,Transportation Infrastructure
hiking,Uncategorized
hill,Uncategorized
hip circles,"Abstract Concepts, Places, People & Activities"
hippopotamus,Wild Mammals
historian,Uncategorized
hollow hold,Other Raw Foods
homebrewing,Uncategorized
honolulu,Uncategorized
hook,"Abstract Concepts, Places, People & Activities"
horchata,Prepared Foods & Meals
horned lizard,"Birds, Fish, Insects & Other Animals"
hornet,Uncategorized
hornfels,Uncategorized
horse,Wild Mammals
hospital,Uncategorized
hot air balloon,Aircraft
hot dog,Prepared Foods & Meals
hot spring,Natural Non-Geological Features
hot-air balloon,Aircraft
hotdog,Uncategorized
hotel,Uncategorized
house,Uncategorized
houston,Uncategorized
hoverboard,Motorcycles
hovercraft,Uncategorized
howlite,Other Raw Foods
hp inc,Uncategorized
hummingbird,Uncategorized
hummus,Prepared Foods & Meals
huntsville,Uncategorized
hurricane,"Abstract Concepts, Places, People & Activities"
hybrid car,"Cars, Trucks, Boats & Other Motorized Vehicles"
hydrangea,Trees
hydrometeor,Natural Non-Geological Features
hyena,Uncategorized
ibm,Uncategorized
ice,"Birds, Fish, Insects & Other Animals"
ice axe,Handheld Objects & Tools
ice cream,Prepared Foods & Meals
ice cream cone,Uncategorized
ice cube,Other Raw Foods
ice hockey,Transportation Infrastructure
ice pop,Prepared Foods & Meals
idaho,Geological Features & Minerals
idea,"Abstract Concepts, Places, People & Activities"
iguana,"Birds, Fish, Insects & Other Animals"
illinois,Uncategorized
ils,Uncategorized
importance,"Abstract Concepts, Places, People & Activities"
indiana,Geological Features & Minerals
indianapolis,Uncategorized
ink,Handheld Objects & Tools
inn,Uncategorized
insect,"Birds, Fish, Insects & Other Animals"
intel,Uncategorized
intuit,Uncategorized
iolite,Other Raw Foods
iowa,Uncategorized
irish setter,Uncategorized
iron,Uncategorized
ironstone,Uncategorized
isiah thomas,Uncategorized
island,Uncategorized
isthmus,Uncategorized
italian wall lizard,Uncategorized
ivysaur,Wild Mammals
jackal,Uncategorized
jacket,Uncategorized
jackfruit,Fruits
jacksonville,Uncategorized
jacksonâ￿￿s chameleon,Uncategorized
jade,Uncategorized
jaguar,Wild Mammals
james harden,Uncategorized
james worthy,Uncategorized
jar,Uncategorized
jason kidd,Uncategorized
jeans,Uncategorized
jellyfish,Uncategorized
jerry lucas,Uncategorized
jerry west,Uncategorized
jet,Uncategorized
jet ski,Uncategorized
jewel,Uncategorized
jewelry,Uncategorized
john havlicek,Uncategorized
john stockton,Uncategorized
jolteon,Uncategorized
joystick,Uncategorized
judge,Uncategorized
jujube,Uncategorized
julius erving,Uncategorized
jumping jack,Uncategorized
jungle,Uncategorized
jynx,Uncategorized
kabuto,Buildings & Large Structures
kabutops,Uncategorized
kakuna,Uncategorized
kangaroo,Wild Mammals
kansas,Uncategorized
kansas city,Uncategorized
kareem abdul-jabbar,Uncategorized
karl malone,Uncategorized
katana,Uncategorized
kawhi leonard,Aircraft
kayak,Aircraft
kayaking,Uncategorized
kentucky,Uncategorized
kettlebell deadlifts,Uncategorized
kettlebell snatches,Uncategorized
kettlebell swings,Uncategorized
kevin durant,Uncategorized
kevin garnett,Uncategorized
kevin mchale,Uncategorized
key,Handheld Objects & Tools
keyboard,Handheld Objects & Tools
kimchi,Uncategorized
kitchen,Uncategorized
kite,"Abstract Concepts, Places, People & Activities"
kitty,Wild Mammals
kiwi,Fruits
knife,Handheld Objects & Tools
knitting,Handheld Objects & Tools
knob,Handheld Objects & Tools
knoxville,Uncategorized
koala,Wild Mammals
kobe bryant,Uncategorized
komatiite,Geological Features & Minerals
kombucha,Prepared Foods & Meals
komodo dragon,Wild Mammals
ktmrc390,Uncategorized
ktmrc8,Uncategorized
kunzite,Uncategorized
kyanite,Geological Features & Minerals
labrador retriever,Uncategorized
labradorite,"Abstract Concepts, Places, People & Activities"
lace monitor,Reptiles & Amphibians
lacrosse,"Abstract Concepts, Places, People & Activities"
ladder,Handheld Objects & Tools
ladybug,Uncategorized
lagoon,Natural Non-Geological Features
lake,Natural Non-Geological Features
lam research,"Abstract Concepts, Places, People & Activities"
lamp,Handheld Objects & Tools
landing gear,Transportation Infrastructure
lantern,Handheld Objects & Tools
lapis lazuli,Geological Features & Minerals
lapras,Uncategorized
laptop,Handheld Objects & Tools
laptop charger,Handheld Objects & Tools
larry bird,"Birds, Fish, Insects & Other Animals"
las vegas,Uncategorized
lasagna,Prepared Foods & Meals
lat pulldown,Handheld Objects & Tools
lat pulldown machine,Handheld Objects & Tools
laterite,Geological Features & Minerals
lawyer,Uncategorized
leaf,Non-Tree Plants
lebron james,Uncategorized
leg curl,Handheld Objects & Tools
leg curl machine,Handheld Objects & Tools
leg extension,Uncategorized
leg extension machine,Handheld Objects & Tools
leg press,Handheld Objects & Tools
lemon,Fruits
lemur,Wild Mammals
lenny wilkens,Uncategorized
lens,Handheld Objects & Tools
leonardo,Uncategorized
leopard,Uncategorized
leopard gecko,Uncategorized
letter,"Abstract Concepts, Places, People & Activities"
lettuce,Uncategorized
librarian,Uncategorized
library,Uncategorized
light,Uncategorized
light bulb,Handheld Objects & Tools
lightbulb,Uncategorized
lighthouse,Transportation Infrastructure
lilac,Non-Tree Plants
lime,Fruits
limestone,Geological Features & Minerals
limousine,"Cars, Trucks, Boats & Other Motorized Vehicles"
lion,Wild Mammals
lion statue,Uncategorized
literature,"Abstract Concepts, Places, People & Activities"
lizard,"Birds, Fish, Insects & Other Animals"
llama,Domesticated Mammals
lobster,Uncategorized
lobster tail,Other Raw Foods
lock,Handheld Objects & Tools
lollipop,Prepared Foods & Meals
los angeles,Uncategorized
louisiana,Uncategorized
louisville,Uncategorized
love,Uncategorized
lunchbox,Uncategorized
lunge,Non-Tree Plants
lychee,Fruits
mac & cheese,Prepared Foods & Meals
machu picchu,Buildings & Large Structures
madison,Uncategorized
magic,"Abstract Concepts, Places, People & Activities"
magic johnson,Uncategorized
magic wand,Prepared Foods & Meals
magikarp,Uncategorized
magmar,Wild Mammals
magnet,Handheld Objects & Tools
magnetite,Geological Features & Minerals
magnolia,Non-Tree Plants
maine,Uncategorized
maintenance base,Uncategorized
malachite,Geological Features & Minerals
maltese,Uncategorized
manager,Uncategorized
mango,Uncategorized
mangrove forest,Uncategorized
map,Trees
maple,Trees
maple tree,Trees
marble,Buildings & Large Structures
marie antoinette,Uncategorized
marigold,Non-Tree Plants
marine iguana,Reptiles & Amphibians
market,Uncategorized
marsh,Natural Non-Geological Features
maryland,Uncategorized
mask,"Abstract Concepts, Places, People & Activities"
massachusetts,Uncategorized
match group,Other Raw Foods
matcha,Fruits
meadow,Natural Non-Geological Features
meal,Prepared Foods & Meals
mechanic,"Abstract Concepts, Places, People & Activities"
medicine ball russian twists,Handheld Objects & Tools
medicine ball slams,Handheld Objects & Tools
meditation,"Abstract Concepts, Places, People & Activities"
mediterranean house gecko,Uncategorized
meerkat,Uncategorized
memphis,Uncategorized
menu,Uncategorized
mesa,Uncategorized
meta platforms,Uncategorized
metapod,Other Raw Foods
meteor,Motorcycles
mew,Wild Mammals
mewtwo,Reptiles & Amphibians
mexican beaded lizard,"Birds, Fish, Insects & Other Animals"
miami,Uncategorized
michael jordan,Uncategorized
michigan,Uncategorized
micron technology,Uncategorized
microphone,"Abstract Concepts, Places, People & Activities"
microscope,Handheld Objects & Tools
microsoft,Uncategorized
microstrategy,Uncategorized
microwave,Uncategorized
midseason,Uncategorized
milwaukee,Uncategorized
miniature schnauzer,Domesticated Mammals
minivan,"Cars, Trucks, Boats & Other Motorized Vehicles"
minneapolis,Uncategorized
minnesota,Uncategorized
mirror,"Abstract Concepts, Places, People & Activities"
mississippi,Uncategorized
missouri,Transportation Infrastructure
mixed martial arts,Uncategorized
mixer,Handheld Objects & Tools
mizzle,"Abstract Concepts, Places, People & Activities"
mobile phone,"Cars, Trucks, Boats & Other Motorized Vehicles"
mojito,Prepared Foods & Meals
moldavite,Geological Features & Minerals
moltres,Uncategorized
mona lisa,Uncategorized
money,"Abstract Concepts, Places, People & Activities"
monitor lizard,Uncategorized
monkey,Wild Mammals
monorail,Transportation Infrastructure
monsoon,Natural Non-Geological Features
monster1200,Other Raw Foods
monster821,"Abstract Concepts, Places, People & Activities"
montage,other
montana,Trees
moon,Other Raw Foods
moonstone,Geological Features & Minerals
moose,Wild Mammals
mop,Handheld Objects & Tools
moped,Uncategorized
morganite,Uncategorized
moses malone,Uncategorized
mosquito net,Uncategorized
moss,Uncategorized
motorcycle,Motorcycles
motorola solutions,Uncategorized
mount everest,Transportation Infrastructure
mount kilimanjaro,Trees
mountain,Uncategorized
mountain biking,Non-Tree Plants
mountain climber,Wild Mammals
mountain climbers,Uncategorized
mountain range,Trees
mourning gecko,Reptiles & Amphibians
mouse,Wild Mammals
mousepad,Handheld Objects & Tools
mozart,Uncategorized
mr. mime,Uncategorized
mt07,other
mt09,other
mudstone,Geological Features & Minerals
mug,Handheld Objects & Tools
mulberry,Fruits
mulberry,Fruits
mule,Domesticated Mammals
multistrada,"Cars, Trucks, Boats & Other Motorized Vehicles"
multistrada,"Cars, Trucks, Boats & Other Motorized Vehicles"
museum,Uncategorized
music,Uncategorized
musician,Uncategorized
nail,Uncategorized
napoleon,Uncategorized
narwhal,"Birds, Fish, Insects & Other Animals"
nashville,Uncategorized
nate archibald,Uncategorized
nate thurmond,Uncategorized
nebraska,Uncategorized
nectarine,Fruits
needle,Handheld Objects & Tools
neighbor,Uncategorized
nest,"Abstract Concepts, Places, People & Activities"
netflix,Prepared Foods & Meals
nettle,Non-Tree Plants
network,Transportation Infrastructure
nevada,Uncategorized
new hampshire,Uncategorized
new jersey,Uncategorized
new mexico,Uncategorized
new orleans,Uncategorized
new york,Uncategorized
new york city,Uncategorized
newfoundland,Uncategorized
newton,Uncategorized
niagara falls,Natural Non-Geological Features
nile monitor,"Birds, Fish, Insects & Other Animals"
ninja400,Motorcycles
ninja650,Motorcycles
north carolina,Wild Mammals
north dakota,Uncategorized
northern mariana islands,Transportation Infrastructure
notebook,Handheld Objects & Tools
nurse,Uncategorized
nvidia,Motorcycles
oak,Trees
oak tree,Trees
oasis,"Abstract Concepts, Places, People & Activities"
oatmeal,Other Raw Foods
obsidian,Geological Features & Minerals
ocean,Natural Non-Geological Features
ocelot,Wild Mammals
octopus,"Birds, Fish, Insects & Other Animals"
office,"Abstract Concepts, Places, People & Activities"
ohio,Uncategorized
oil,Geological Features & Minerals
oklahoma,Uncategorized
oklahoma city,Transportation Infrastructure
olive,Fruits
olive tree,Trees
omaha,Other Raw Foods
omanyte,"Abstract Concepts, Places, People & Activities"
omastar,Uncategorized
onyx,Geological Features & Minerals
opal,"Birds, Fish, Insects & Other Animals"
opossum,Uncategorized
oracle,"Abstract Concepts, Places, People & Activities"
orange,Uncategorized
orangutan,Wild Mammals
orc,Uncategorized
orchid,Non-Tree Plants
oregon,"Abstract Concepts, Places, People & Activities"
origami,Handheld Objects & Tools
orlando,Uncategorized
oscar robertson,Uncategorized
ostrich,Wild Mammals
otter,Uncategorized
oven,Handheld Objects & Tools
overhead barbell press,Uncategorized
overhead press,Uncategorized
owl,Uncategorized
ozone,Geological Features & Minerals
paddle,Uncategorized
paddleboard,Non-Tree Plants
paella,Prepared Foods & Meals
paint can,Uncategorized
paintbrush,Uncategorized
painting,Uncategorized
palantir technologies,Uncategorized
palo alto,Uncategorized
pan,Handheld Objects & Tools
pancake,Prepared Foods & Meals
pancakes,Prepared Foods & Meals
panda,Wild Mammals
pangolin,Uncategorized
panigalev2,Motorcycles
panigalev4,Motorcycles
pansy,Non-Tree Plants
panther chameleon,Uncategorized
pants,Handheld Objects & Tools
papaya,Fruits
paper,"Abstract Concepts, Places, People & Activities"
paper clip,Handheld Objects & Tools
paperclip,Uncategorized
paraglider,Transportation Infrastructure
parent,Uncategorized
paris,Uncategorized
park,Non-Tree Plants
parrot,Uncategorized
passionfruit,Fruits
pasta,Prepared Foods & Meals
patience,Uncategorized
patrick ewing,Uncategorized
paul arizin,Uncategorized
paul pierce,Uncategorized
paypal,other
peach,Uncategorized
peacock,Uncategorized
pear,Uncategorized
pec deck,other
pegmatite,Uncategorized
pembroke welsh corgi,Uncategorized
pen,Uncategorized
pencil,Uncategorized
penguin,Uncategorized
peninsula,Uncategorized
pennsylvania,Uncategorized
percentage,Uncategorized
peridot,Uncategorized
peridotite,Uncategorized
persimmon,Uncategorized
person,Uncategorized
pete maravich,Uncategorized
petra,other
petrified forest,Uncategorized
petunia,Uncategorized
philadelphia,Uncategorized
pho,Uncategorized
phoenix,Uncategorized
phone,other
photo,Uncategorized
photographer,Uncategorized
photography,Uncategorized
phyllite,Uncategorized
piano,Uncategorized
pickup truck,Uncategorized
picture,Uncategorized
picture frame,other
pidgeot,Uncategorized
pidgeotto,Uncategorized
pidgey,Uncategorized
pig,Uncategorized
pikachu,other
pike,Uncategorized
pillow,Uncategorized
pilot,Uncategorized
pilot episode,Uncategorized
pina colada,Uncategorized
pine tree,Uncategorized
pineapple,Uncategorized
pineapple slice,Uncategorized
pipe,Uncategorized
pirate ship,Uncategorized
pizza,Prepared Foods & Meals
pizza slice,Prepared Foods & Meals
plane,Aircraft
planet,"Abstract Concepts, Places, People & Activities"
plank,Handheld Objects & Tools
plant,Trees
plastic,Handheld Objects & Tools
plate,Prepared Foods & Meals
plateau,Geological Features & Minerals
platypus,Wild Mammals
playground,"Abstract Concepts, Places, People & Activities"
plot twist,"Abstract Concepts, Places, People & Activities"
plum,Fruits
plumber,Uncategorized
pneumatic nail gun,Handheld Objects & Tools
podcasting,"Abstract Concepts, Places, People & Activities"
poet,"Abstract Concepts, Places, People & Activities"
polar bear,Wild Mammals
police car,Transportation Infrastructure
police officer,Uncategorized
pomegranate,Fruits
pomeranian,Domesticated Mammals
poodle,Uncategorized
popcorn,Prepared Foods & Meals
porcupine,Wild Mammals
portland,Uncategorized
potato,Fruits
potion bottle,Handheld Objects & Tools
pottery,Handheld Objects & Tools
prairie,Natural Non-Geological Features
prediction,"Abstract Concepts, Places, People & Activities"
pressure washer,Handheld Objects & Tools
printer,Handheld Objects & Tools
private jet,Transportation Infrastructure
problem,"Abstract Concepts, Places, People & Activities"
procedure,"Abstract Concepts, Places, People & Activities"
prop,Handheld Objects & Tools
propeller,Aircraft
protagonist,Uncategorized
protein shake,Prepared Foods & Meals
puerto rico,"Abstract Concepts, Places, People & Activities"
puffin,"Birds, Fish, Insects & Other Animals"
pull-up,Uncategorized
pull-up bar exercises,Handheld Objects & Tools
pumice,Geological Features & Minerals
push-up,Uncategorized
pushback tug,Transportation Infrastructure
puzzles,"Abstract Concepts, Places, People & Activities"
pyramids,Buildings & Large Structures
pyramids of giza,Buildings & Large Structures
pyrite,Geological Features & Minerals
quail,"Abstract Concepts, Places, People & Activities"
qualcomm,Uncategorized
quality,Other Raw Foods
quartz,"Birds, Fish, Insects & Other Animals"
quartzite,Buildings & Large Structures
queen,Uncategorized
quill,Uncategorized
quilt,Uncategorized
r1,Motorcycles
r1250gs,Uncategorized
r6,Other Raw Foods
rabbit,Wild Mammals
raccoon,Wild Mammals
radio,Transportation Infrastructure
radish,Fruits
raft,Non-Motorized Transportation
rain,Natural Non-Geological Features
rainbow,"Abstract Concepts, Places, People & Activities"
raincloud,Natural Non-Geological Features
raincoat,Other Raw Foods
raindrift,other
rainfall,Non-Motorized Transportation
rainforest,Trees
rainpants,Uncategorized
rainscape,Uncategorized
rainstorm,Uncategorized
rainy,Uncategorized
rake,Uncategorized
raleigh,Uncategorized
ramen bowl,Prepared Foods & Meals
ramp agent,other
raspberry,Fruits
rat,Domesticated Mammals
raticate,Other Raw Foods
rating,Prepared Foods & Meals
rattata,Uncategorized
ray allen,Uncategorized
reading,Uncategorized
reality show,"Abstract Concepts, Places, People & Activities"
recap,other
red fox,Wild Mammals
red panda,Uncategorized
red-headed agama,Uncategorized
refrigerator,Domesticated Mammals
reggie miller,other
reindeer,Wild Mammals
remote,Transportation Infrastructure
replacement,other
reporter,"Abstract Concepts, Places, People & Activities"
rerun,"Abstract Concepts, Places, People & Activities"
reservoir,Geological Features & Minerals
resistance band chest press,Handheld Objects & Tools
resistance band rows,Motorcycles
resistance band squats,Handheld Objects & Tools
restaurant,Prepared Foods & Meals
revenue,"Abstract Concepts, Places, People & Activities"
revolution,"Abstract Concepts, Places, People & Activities"
rhinoceros,Wild Mammals
rhode island,Uncategorized
rhodesian ridgeback,Uncategorized
rhodonite,Uncategorized
rhyolite,Geological Features & Minerals
rice,Fruits
rick barry,Uncategorized
rickshaw,Transportation Infrastructure
ridge,Buildings & Large Structures
ring,"Abstract Concepts, Places, People & Activities"
river,Natural Non-Geological Features
riverbank,Natural Non-Geological Features
rninet,Uncategorized
road,Transportation Infrastructure
roast beef,Prepared Foods & Meals
roast turkey,Prepared Foods & Meals
roast vegetables,Prepared Foods & Meals
robert parish,Uncategorized
robin,Wild Mammals
robot,Motorcycles
robot dog,Uncategorized
rock,Buildings & Large Structures
rock agama,Other Raw Foods
rocket,Transportation Infrastructure
rocking chair,Handheld Objects & Tools
rod,Uncategorized
rollerblades,Uncategorized
romanian deadlift,Motorcycles
rooster,Uncategorized
rope,Handheld Objects & Tools
rope ladder,Uncategorized
rose,Non-Tree Plants
rose bush,Non-Tree Plants
rose quartz,Uncategorized
rottweiler,Domesticated Mammals
rowing,Transportation Infrastructure
rowing machine pulls,Handheld Objects & Tools
rsv4,Uncategorized
ruby,Uncategorized
rug,Non-Tree Plants
rugby league,Transportation Infrastructure
rugby union,Transportation Infrastructure
ruler,Handheld Objects & Tools
rum punch,Prepared Foods & Meals
running,Uncategorized
runway,Transportation Infrastructure
russell westbrook,Uncategorized
rv,"Cars, Trucks, Boats & Other Motorized Vehicles"
s1000r,Other Raw Foods
s1000rr,Motorcycles
sacramento,Uncategorized
safe,"Abstract Concepts, Places, People & Activities"
sagebrush,Non-Tree Plants
sahara,Natural Non-Geological Features
sahara desert,"Birds, Fish, Insects & Other Animals"
sailboat,"Cars, Trucks, Boats & Other Motorized Vehicles"
sailing,Non-Motorized Transportation
sailor,Uncategorized
saint bernard,Wild Mammals
sake,Prepared Foods & Meals
salad,Fruits
salak,Other Raw Foods
salamander,"Birds, Fish, Insects & Other Animals"
salesforce,Uncategorized
salesperson,Uncategorized
salmon,Fruits
salt flat,Geological Features & Minerals
salt lake city,Uncategorized
sam jones,Uncategorized
samosa,Fruits
samoyed,Other Raw Foods
san antonio,Uncategorized
san diego,Uncategorized
san francisco,Uncategorized
san jose,Uncategorized
sand,Non-Tree Plants
sand lizard,"Birds, Fish, Insects & Other Animals"
sandbag cleans,Other Raw Foods
sandstone,Buildings & Large Structures
sandwich,Fruits
sapphire,Other Raw Foods
satanic leaf-tailed gecko,"Birds, Fish, Insects & Other Animals"
satellite,Transportation Infrastructure
savanna,Natural Non-Geological Features
savannah monitor,Reptiles & Amphibians
saw,Handheld Objects & Tools
scarf,Non-Tree Plants
schist,Buildings & Large Structures
school,Uncategorized
school bus,Transportation Infrastructure
scientist,Uncategorized
scissors,Handheld Objects & Tools
scooter,Motorcycles
scoria,Geological Features & Minerals
scottie pippen,Uncategorized
scottish terrier,Uncategorized
scrambler,Transportation Infrastructure
scrapbooking,Handheld Objects & Tools
screwdriver,Uncategorized
script,"Abstract Concepts, Places, People & Activities"
sculpting,Uncategorized
scyther,Other Raw Foods
sea lion,Wild Mammals
sea turtle,"Birds, Fish, Insects & Other Animals"
seal,Wild Mammals
seaplane,Transportation Infrastructure
season,"Abstract Concepts, Places, People & Activities"
seated row,Non-Tree Plants
seated row machine,Motorcycles
seattle,Uncategorized
sector,"Abstract Concepts, Places, People & Activities"
segway,Transportation Infrastructure
sequoia,Trees
series finale,Other Raw Foods
serpentine,Geological Features & Minerals
serpentinite,Uncategorized
servicenow,"Abstract Concepts, Places, People & Activities"
set,Prepared Foods & Meals
sewing,Uncategorized
shakespeare,Uncategorized
shale,Uncategorized
shaquille o'neal,Uncategorized
shark,"Birds, Fish, Insects & Other Animals"
sheep,Domesticated Mammals
shelf,Handheld Objects & Tools
shell,Other Raw Foods
shetland sheepdog,Uncategorized
shiba inu,Domesticated Mammals
shih tzu,Uncategorized
ship,Transportation Infrastructure
shirt,Other Raw Foods
shoe,Handheld Objects & Tools
shoes,Motorcycles
shoulder press machine,Handheld Objects & Tools
shovel,Uncategorized
showrunner,Uncategorized
shrimp cocktail,Prepared Foods & Meals
shrub,Other Raw Foods
siberian husky,Domesticated Mammals
side plank with leg lift,Uncategorized
sidekick,Uncategorized
silence,"Abstract Concepts, Places, People & Activities"
siltstone,Geological Features & Minerals
singer,Uncategorized
singing,"Abstract Concepts, Places, People & Activities"
single-leg romanian deadlifts,Handheld Objects & Tools
sink,Handheld Objects & Tools
sit-up,Uncategorized
sitcom,"Abstract Concepts, Places, People & Activities"
skate park,Transportation Infrastructure
skateboard,Motorcycles
skateboarding,Non-Motorized Transportation
skiing,Non-Motorized Transportation
skill saw,Handheld Objects & Tools
skirt,Non-Tree Plants
skunk,Wild Mammals
skyscraper,Buildings & Large Structures
slate,Buildings & Large Structures
sled,Transportation Infrastructure
sled pushes,Uncategorized
sleeping bag,Handheld Objects & Tools
sleet,Uncategorized
sloth,Wild Mammals
slow worm,Wild Mammals
smartphone,Handheld Objects & Tools
smartwatch,Handheld Objects & Tools
smith machine bench press,Handheld Objects & Tools
smith machine squat,Handheld Objects & Tools
smith machine squats,Handheld Objects & Tools
smoky quartz,Geological Features & Minerals
smoothie,Prepared Foods & Meals
snake,Reptiles & Amphibians
snatch,Transportation Infrastructure
snorlax,Wild Mammals
snow,Natural Non-Geological Features
snow leopard,Wild Mammals
snowboarding,Non-Motorized Transportation
snowfall,Natural Non-Geological Features
snowflake,Natural Non-Geological Features
snowmobile,Transportation Infrastructure
snowshoe,Handheld Objects & Tools
snowstorm,Natural Non-Geological Features
soap,Handheld Objects & Tools
soap opera,"Abstract Concepts, Places, People & Activities"
soapstone,Buildings & Large Structures
soccer,Uncategorized
soccer ball,"Abstract Concepts, Places, People & Activities"
society,"Abstract Concepts, Places, People & Activities"
sock,Handheld Objects & Tools
socks,Handheld Objects & Tools
sodalite,Uncategorized
sofa,Domesticated Mammals
soju,Prepared Foods & Meals
soldier,Uncategorized
solomon islands skink,Uncategorized
song,"Abstract Concepts, Places, People & Activities"
soup,Prepared Foods & Meals
soursop,Fruits
south carolina,Uncategorized
south dakota,Uncategorized
spaceship,Uncategorized
spaghetti,Uncategorized
sparrow,Uncategorized
spearow,Uncategorized
speedboat,"Cars, Trucks, Boats & Other Motorized Vehicles"
speedtriple,Motorcycles
sphinx,"Birds, Fish, Insects & Other Animals"
spider,Uncategorized
spin-off,other
spinach,Non-Tree Plants
spinel,Uncategorized
splunk,Handheld Objects & Tools
sponge,Uncategorized
spoon,Handheld Objects & Tools
squat,Uncategorized
squid,Uncategorized
squirrel,Uncategorized
squirtle,Uncategorized
stadium,Uncategorized
stair climber intervals,Uncategorized
stapler,Uncategorized
star,Uncategorized
starfish,Uncategorized
starfruit,Uncategorized
starmie,other
stationary bike sprints,Non-Motorized Transportation
statue,Uncategorized
statue of liberty,Buildings & Large Structures
steak,Prepared Foods & Meals
stephen curry,Uncategorized
steppe,Geological Features & Minerals
steve nash,Uncategorized
stick,Uncategorized
stone,Uncategorized
stonehenge,Uncategorized
storm,Uncategorized
stove,Handheld Objects & Tools
strait,Natural Non-Geological Features
stranger,Uncategorized
strawberry,Fruits
streaming,other
street,Uncategorized
streetfighter,Aircraft
streettriple,Other Raw Foods
string,Uncategorized
student,Uncategorized
studio,Uncategorized
submarine,Aircraft
subscription,Uncategorized
suburb,Uncategorized
subway,Transportation Infrastructure
sugarcane,Fruits
suitcase,Handheld Objects & Tools
summit,Geological Features & Minerals
sun,Natural Non-Geological Features
sunflower,Non-Tree Plants
sunglasses,Handheld Objects & Tools
sunscreen,Uncategorized
sunstone,Uncategorized
superman,Uncategorized
superman holds,"Abstract Concepts, Places, People & Activities"
surfing,Uncategorized
surgeon,Uncategorized
sushi,Prepared Foods & Meals
sushi roll,Uncategorized
sv650,Motorcycles
swamp,Natural Non-Geological Features
swan,"Birds, Fish, Insects & Other Animals"
sweater,Uncategorized
swimming,Uncategorized
switch,Handheld Objects & Tools
sword,Uncategorized
sydney opera house,Transportation Infrastructure
syenite,Geological Features & Minerals
t-mobile,Uncategorized
table,Buildings & Large Structures
table tennis,Uncategorized
tablet,Uncategorized
taco,Prepared Foods & Meals
tacos,Uncategorized
taiga,Geological Features & Minerals
tailplane,Aircraft
taj mahal,Buildings & Large Structures
talc,Uncategorized
tale,"Abstract Concepts, Places, People & Activities"
tamarind,Fruits
tangerine,Uncategorized
tank,Handheld Objects & Tools
tanzanite,Uncategorized
tap,Buildings & Large Structures
tape measure,Uncategorized
tarmac,Uncategorized
taxi,Transportation Infrastructure
taxiway,Transportation Infrastructure
teacher,Uncategorized
technology,"Abstract Concepts, Places, People & Activities"
tectonite,Geological Features & Minerals
teddy bear,Domesticated Mammals
telescope,Other Raw Foods
television,Uncategorized
temperature,"Abstract Concepts, Places, People & Activities"
temple,Uncategorized
tennessee,Geological Features & Minerals
tennis,Uncategorized
tennis ball,Uncategorized
tent,Other Raw Foods
tequila,Prepared Foods & Meals
terminal,Transportation Infrastructure
tesla,Motorcycles
texas,Geological Features & Minerals
texas instruments,Other Raw Foods
texas spiny lizard,Reptiles & Amphibians
the hanging gardens of babylon,Uncategorized
theme song,Uncategorized
thistle,Non-Tree Plants
thoracic rotations,"Abstract Concepts, Places, People & Activities"
thorny devil,Other Raw Foods
thread,Handheld Objects & Tools
thruster,Motorcycles
thunder,Natural Non-Geological Features
thundercloud,Natural Non-Geological Features
thunderstorm,Uncategorized
tiger,Wild Mammals
tim duncan,Uncategorized
time machine,"Abstract Concepts, Places, People & Activities"
tire,"Cars, Trucks, Boats & Other Motorized Vehicles"
titanic,Transportation Infrastructure
toad,Wild Mammals
toaster,Handheld Objects & Tools
tokay gecko,Other Raw Foods
tokyo,Uncategorized
tomato,Fruits
tool,Handheld Objects & Tools
toolbox,Handheld Objects & Tools
toothbrush,Handheld Objects & Tools
topaz,Geological Features & Minerals
tornado,Natural Non-Geological Features
tortoise,Wild Mammals
toucan,Other Raw Foods
tourmaline,Uncategorized
towel,Uncategorized
tower,Uncategorized
toy,Handheld Objects & Tools
toy car,Aircraft
track and field,Uncategorized
tractor,Domesticated Mammals
trail,Natural Non-Geological Features
trail marker,Uncategorized
trailer,Transportation Infrastructure
trailhead,Uncategorized
train,Aircraft
train station,Transportation Infrastructure
tram,Motorcycles
tramcar,Motorcycles
transponder,Other Raw Foods
trash can,Uncategorized
travertine,Geological Features & Minerals
treadmill sprints,Uncategorized
treasure chest,"Abstract Concepts, Places, People & Activities"
tree,Trees
tree monitor,Other Raw Foods
trekking pole,Handheld Objects & Tools
triathlon,Uncategorized
trip,Uncategorized
trolley,Transportation Infrastructure
trolleybus,Motorcycles
tropical-air,Other Raw Foods
truck,"Cars, Trucks, Boats & Other Motorized Vehicles"
truth,"Abstract Concepts, Places, People & Activities"
trx plank to pike,Uncategorized
tucson,Uncategorized
tuff,Geological Features & Minerals
tulip,Non-Tree Plants
tulsa,Uncategorized
tuna,Other Raw Foods
tuono,"Abstract Concepts, Places, People & Activities"
turkey,Uncategorized
turkish get-ups,Uncategorized
turquoise,Uncategorized
turtle,"Birds, Fish, Insects & Other Animals"
twilio,Transportation Infrastructure
typhoon,Natural Non-Geological Features
uber technologies,Other Raw Foods
ugli fruit,Fruits
umbrella,Handheld Objects & Tools
universe,"Abstract Concepts, Places, People & Activities"
university,Uncategorized
urchin,Wild Mammals
us virgin islands,Uncategorized
user,Uncategorized
utah,"Abstract Concepts, Places, People & Activities"
uv-index,Uncategorized
vacuum,Handheld Objects & Tools
vacuum cleaner,Handheld Objects & Tools
valley,Natural Non-Geological Features
valve,Handheld Objects & Tools
van,Transportation Infrastructure
van gogh,Uncategorized
vaporeon,Uncategorized
vase,Handheld Objects & Tools
vegetable soup,Prepared Foods & Meals
veiled chameleon,Reptiles & Amphibians
venice,Uncategorized
venusaur,Wild Mammals
vermont,Other Raw Foods
version,Other Raw Foods
viacomcbs,Uncategorized
village,"Abstract Concepts, Places, People & Activities"
villain,"Abstract Concepts, Places, People & Activities"
violin,"Abstract Concepts, Places, People & Activities"
virga,"Abstract Concepts, Places, People & Activities"
virginia,Uncategorized
virginia beach,Uncategorized
visor,Handheld Objects & Tools
vitamin,Prepared Foods & Meals
vizsla,Uncategorized
volcano,Geological Features & Minerals
volleyball,"Abstract Concepts, Places, People & Activities"
volunteer,Uncategorized
volunteering,Uncategorized
vr headset,Handheld Objects & Tools
vstrom1050,Aircraft
vstrom650,Aircraft
vulture,"Birds, Fish, Insects & Other Animals"
wagon,Transportation Infrastructure
wall,Buildings & Large Structures
wall sit,Uncategorized
wall sits,Uncategorized
wallet,Handheld Objects & Tools
walrus,Wild Mammals
walt frazier,Uncategorized
wardrobe,Buildings & Large Structures
warthog,Wild Mammals
wartortle,Reptiles & Amphibians
washing machine,Handheld Objects & Tools
washington,Uncategorized
washington dc,Uncategorized
watch,Handheld Objects & Tools
water,Natural Non-Geological Features
water bottle,Handheld Objects & Tools
water dragon,Wild Mammals
waterfall,Natural Non-Geological Features
watermelon,Fruits
watermelon slice,Prepared Foods & Meals
way,"Abstract Concepts, Places, People & Activities"
wealth,"Abstract Concepts, Places, People & Activities"
weather,"Abstract Concepts, Places, People & Activities"
weather-map,Prepared Foods & Meals
weatherize,Uncategorized
weedle,Uncategorized
weighted vest push-ups,Handheld Objects & Tools
weighted vest squats,Handheld Objects & Tools
weimaraner,Wild Mammals
wes unseld,Uncategorized
west virginia,Uncategorized
western fence lizard,Uncategorized
wet-grind,Handheld Objects & Tools
whale,"Birds, Fish, Insects & Other Animals"
wheat,Fruits
wheel,Motorcycles
whippet,Uncategorized
whiteboard,"Abstract Concepts, Places, People & Activities"
willis reed,Uncategorized
wilt chamberlain,Uncategorized
wind,Uncategorized
window,Uncategorized
windstorm,Uncategorized
wing,Uncategorized
winterproof,Non-Tree Plants
wisconsin,Uncategorized
wolf,Wild Mammals
wombat,Domesticated Mammals
woodworking,Handheld Objects & Tools
workday,"Abstract Concepts, Places, People & Activities"
worldâ￿￿s greatest stretch,Uncategorized
wrench,Handheld Objects & Tools
wrestling,Uncategorized
writer,Uncategorized
writing,Uncategorized
wyoming,Uncategorized
xerox,Handheld Objects & Tools
xylophone,Uncategorized
yacht,Motorcycles
yak,Domesticated Mammals
yard,Non-Tree Plants
yoga,Uncategorized
yogurt,Prepared Foods & Meals
zapdos,Uncategorized
zebra,Wild Mammals
zercher squat,Handheld Objects & Tools
zircon,Uncategorized
zoo,Uncategorized
zx10r,Uncategorized
zx6r,Other Raw Foods
